title,author,type,language,url,why_relevant,status
Онлайн-текст Керимова,,website,ru,https://artyx.ru,уже использовался как источник,"не в реестре, тир не решён"
Т. II Керимова + «Ковры и ковровые изделия»,,website,az,https://intangible.az,"не решено, добавлять ли","не в реестре, тир не решён"
Издание Dover 1974 (англ. Керимов),,book,en,https://archive.org,"не решено, добавлять ли","не в реестре, тир не решён"
INFORMATIVE CODE OF AZERBAIJANI CARPET AND ITS ORNAMENT-SYMBOL,Aylal Heydarova,article,en,https://doi.org/10.23856/5608,Рецензируемая статья в научном журнале Polonia University Scientific Journal о семиотике и символике азербайджанских ковров; исследует информационный код орнаментов как отражение космологии и древних верований,"кандидат от литературного скаута, не подтверждён"
Dragon images in the Azerbaijan non-dragon carpets,"Durdana Gadirova, Telman Ibrahimov",article,en,https://doi.org/10.59849/2310-5399.2025.1.70,"Свежая статья (2025) в журнале Problems of Arts and Culture о символике драконов в региональных азербайджанских коврах (Ширван, Куба, Газах); раскрывает различия между дворцовыми и фольклорными интерпретациями мотива","кандидат от литературного скаута, не подтверждён"
One approach to the study and cataloging of handmade Azerbaijani carpets,Авторы не указаны (исследовательский доклад конференции),article,en,https://doi.org/10.59849/aidd.2024.82,"Статья 2024 года о системе распознавания и классификации орнаментов азербайджанских ковров; детально описывает мотивы, символику и школьные особенности различных регионов (Куба, Ширван, Карабах, Газах)","кандидат от литературного скаута, не подтверждён"
The Symbolism of Time in the Flying Carpet and the Wind Horse: Chaos-Cosmos Transitions in Nakhchivan Folklore,Автор не указан в кратком описании,article,en,https://doi.org/10.69760/portuni.0108001,"Статья о семиотике мотивов в азербайджанском фольклоре и ковровых изделиях, особенно летающего ковра как космологического символа; раскрывает связь ковровых мотивов с мифопоэтическими представлениями","кандидат от литературного скаута, не подтверждён"
Oriental Rugs: Caucasian,Ian Bennett,book,en,https://www.jozan.net/rug-books/oriental-rugs-caucasian/,"Классический académический труд (1981) издатель Antique Collectors' Club; идентифицировал 85 подгрупп кавказских ковров с анализом символики мотивов (барана, колеса жизни, драконов и др.), основополагающий источник по символике","кандидат от литературного скаута, не подтверждён"
Garabagh Carpets: Catalog,"Gülzade Abdulova (author), edited by Naila Velixanlı",museum_catalog,az,https://bcin.info/vufind/Record/Getty%20Conservation%20Institute.GCI9933540577701551,"Официальный каталог Национального музея истории Азербайджана (НАНА) с 150 карабахскими коврами и ковровыми изделиями из музейной коллекции, включающий методы окраски и подробные характеристики экспонатов (2013 г.)","кандидат от литературного скаута, не подтверждён"
"Early Caucasian Rugs: The Textile Museum Fiftieth Anniversary, 1925-1975",Charles Grant Ellis,museum_catalog,en,https://library.nga.gov/discovery/fulldisplay/alma991328603504896/01NGA_INST:NGA,"Классический музейный каталог Textile Museum (Вашингтон) с подробным анализом кавказских ковров, включая куба-ширванские, карабахские типы, с библиографией (1975 г.)","кандидат от литературного скаута, не подтверждён"
History of the Development of Weaving Art in Karabakh in the XIX – Early XX Centuries,Telman Farman oghlu Musayev,dissertation,az/en,https://aak.gov.az/upload/dissertasion/tarix/Avtoreferat_-_TELMAN_MUSAYEV_-_AZ_(1)1.pdf,"Первое комплексное исследование развития ткацкого искусства Карабаха XIX-XX вв., включая этапы ковроткачества, роль Шушинской школы и трансформацию от домашнего ремесла к товарному производству","кандидат от литературного скаута, не подтверждён"
Rug Weaving Culture of Artsakh: Historico-ethnographic Illustrated Study,Ashkhunj Poghosyan,book,en,https://int-heritage.am/wp-content/uploads/2022/10/Rug-weaving-culture-of-Artsakh.pdf,"Систематическое этнографическое исследование с архивными источниками VII-XX вв., традициями ковроткачества, описанием центров производства, техники и символизма карабахских ковров","кандидат от литературного скаута, не подтверждён"
Каталог 'Карабахские ковры' (Фонд этнографии),Гюльзаде Абдулова,museum_catalog,ru/az,http://azhistorymuseum.gov.az/en/book/42,"Музейный каталог Национального музея истории Азербайджана с подробными сведениями о 150 экспонатах карабахских ковров, методах окрашивания, датировке и происхождении образцов","кандидат от литературного скаута, не подтверждён"
Karabakh carpet school and rare samples of Karabakh carpets in three museums of the world,Kubra Aliyeva,article,en,https://dergipark.anas.az/index.php/pac/article/view/2846,"Рецензируемая статья в журнале 'Problems of Arts and Culture' об особенностях карабахских ковров, влиянии Тебризской школы, европейских стилей и редких образцах в мировых музеях","кандидат от литературного скаута, не подтверждён"
Shusha Branch of the State Museum of Azerbaijani Carpet and Applied Arts Catalog,Ministry of Culture and Tourism of Azerbaijan / Azerbaijan Carpet Museum,museum_catalog,az/ru/en,https://science.gov.az/en/news/open/7265,"Каталог Шушинской филии музея ковра с информацией об истории Карабахского ханства и спасённых 183 экспонатах (ворсовых и безворсовых карабахских ковров, вышивок, костюмов)","кандидат от литературного скаута, не подтверждён"
"Knotted Pile Rugs of 19th and early 20th Centuries from Caucasia: A Classification of Area, Shape Ratio, Density and Knot Ratio by Statistic",Author(s) — technical/statistical study,article,en,https://doi.org/10.22259/2642-8237.0103003,"Рецензируемая статья с математической классификацией ширванских и кубинских ковров по техническим параметрам (плотность узлов, размер, форма); впервые применяет статистический метод для верификации классификаций Керимова и других ученых","кандидат от литературного скаута, не подтверждён"
"Knotted Pile Rugs of 19th and Early 20th Centuries from Caucasia: A Classification of Area, Shape Ratio, Density and Knot Ratio by Statistic Part II",Author(s) — technical/statistical study,article,en,https://doi.org/10.22259/2642-8237.0202002,Продолжение статистического анализа; разделяет кубинские и ширванские ковры на отдельные подгруппы на основе метрик плотности узлов и коэффициентов формы,"кандидат от литературного скаута, не подтверждён"
Data-driven Automatic Attribution of Azerbaijani Flat Woven Carpets,Research team — computational/machine learning approach,article,en,https://eprints.bournemouth.ac.uk/37814/1/Automatic_carpet_attribution_final.pdf,Современное научное исследование с применением компьютерных методов для классификации ширванских и кубинских ковров; систематизирует школы на основе художественных и технических характеристик,"кандидат от литературного скаута, не подтверждён"
Қуба halı üslûbunun tarihçesi və xüsusiyyətləri / История и характеристики стиля кубинских ковров,Ümbülbanu Hamidova,article,tr,https://dergipark.org.tr/en/download/article-file/28997,"Турецкая рецензируемая статья с региональной классификацией кубинских ковров (горные, холмистые, равнинные зоны); анализирует композиции, мотивы и технические особенности в сравнении с ширванской школой","кандидат от литературного скаута, не подтверждён"
Art Culture of Lezgin People - Carpet Weaving,Journal of Azerbaijan Traditions and Documentation (ATDD),article,en,https://doi.org/10.46868/atdd.2025.993,"Этнографическое исследование ковроткачества лезгинского народа северного Азербайджана, полевые исследования техник и традиций, роль ковров в культуре и быту","кандидат от литературного скаута, не подтверждён"
Traditional art of Azerbaijani carpet weaving in the Republic of Azerbaijan,UNESCO Representative List documentation,website,en,https://ich.unesco.org/en/RL/traditional-art-of-azerbaijani-carpet-weaving-in-the-republic-of-azerbaijan-00389,"Официальная документация ЮНЕСКО по нематериальному культурному наследию, этнографическое описание процессов, семейных традиций, ролей полов в производстве, социальных значений ковров","кандидат от литературного скаута, не подтверждён"
Livelihood and Foreign Trade in the South Caucasus during the Late Tsarist Russian Period: Economic Consequences of Carpet Weaving,статья в журнале Пейамдар-и Тариккхи (Historical Messages),article,en,https://historicalstudy.ihcs.ac.ir/article_10579_24bea84d52e6a1f8025e313c2ffff50a.pdf,"Оцифрованная научная статья с анализом архивных документов и торговой статистики 1860-1914, включая отчёты Кавказского кустарного комитета. Прямые данные о торговле азербайджанскими коврами (Куба, Шуша, Ширван) с Европой, экспортных объёмах и ценах.","кандидат от литературного скаута, не подтверждён"
«Об именах торгующих»: годовая ведомость Бакинского карантинно-таможенного правления за 1854 г.,автор-составитель на основе РГИА документов,article,ru,https://doi.org/10.31518/tktdr-35-2023-21,"Оцифрованный исторический документ с информацией о торговцах (российских и персидских подданных) с именами, объёмами и типами товаров. Содержит данные о торговле товарами, включая коврами, между Баку и Персией в XIX веке.","кандидат от литературного скаута, не подтверждён"
CARPETS xv. Caucasian Carpets,Richard E. Wright,website,en,https://www.iranicaonline.org/articles/carpets-xv/,"Оцифрованная энциклопедическая статья в Encyclopaedia Iranica с историческим анализом торговли кавказскими коврами в XIX-XX веках, опирающаяся на русские архивные источники, правительственные отчёты периода 1877-1920х годов.","кандидат от литературного скаута, не подтверждён"
Историко-этнографические аспекты изучения дагестанского ковроткачества,С.М. Гарунова,article,ru,https://cyberleninka.ru/article/n/istoriko-etnograficheskie-aspekty-izucheniya-dagestanskogo-kovrotkachestva,"Оцифрованная рецензируемая статья в CyberLeninka об истории дагестанского ковроткачества, торговле кавказскими коврами XV-XX веков, включении их в международную торговлю. Анализирует архивные источники и торговые связи Кавказа.","кандидат от литературного скаута, не подтверждён"
The 1820 Russian Survey of the Khanate of Shirvan: A Primary Source on the Demography and Economy of an Iranian Province Prior to Its Annexation by Russia,George A. Bournoutian (translator and editor),book,en,https://www.gibbtrust.org/the-1820-russian-survey-of-the-khanat-of-shirvan/,"Оцифрованный перевод первичного исторического документа 1820 года с экономическими и демографическими данными провинции Ширван, включающий информацию о ремёслах, доходах и хозяйственной деятельности, включая ковроткачество.","кандидат от литературного скаута, не подтверждён"
Problems of Artistic and Technological Heritage in the Azerbaijani Carpet Making,Mammadhuseyn Allahgulu Huseynov,article,en,https://aak.gov.az/upload/dissertasion/s_n_t_nasl_q/Avtoreferat_az_M%C3%89%E2%84%A2mm%C3%89%E2%84%A2dh%C3%83%C2%BCseyn_H%C3%83%C2%BCseynov1.pdf,"Диссертация на степень PhD (2023) об анализе художественно-технического наследия азербайджанского ковроткачества, включая материалы, методы, традиции, символику и мифологические мотивы в ковровом орнаменте","кандидат от литературного скаута, не подтверждён"
Artistic features of Azerbaijani and Turkish palace carpets,Gulshan Tofig Gasimzada,article,az,https://aak.gov.az/upload/dissertasion/s_n_t_nasl_q/Avtoreferat_az20.pdf,"Диссертация на степень PhD (2025) о художественных и композиционных особенностях дворцовых ковров Азербайджана и Турции, включает анализ орнаментики, технологии, влияния Табризской школы и роли азербайджанских мастеров","кандидат от литературного скаута, не подтверждён"
Artistic characteristics of new ornaments in Azerbaijan carpet art in the second half of the 20th century and the 21st century,Munevvar Azizeli Hajiyeva,article,en,https://elib.nlb.by/elib/Record/BY-NLB-br0002000440,"Диссертация на степень PhD (2025) об эволюции орнаментальных мотивов в современном азербайджанском ковроткачестве, анализирует новые композиции и их связь с традиционным наследием","кандидат от литературного скаута, не подтверждён"
Azerbaijan Carpet Museum (50th Anniversary Edition),"Shirin Y. Melikova (director), Editorial board: Teymur Bunyadov, Kubra Aliyeva et al.",museum_catalog,"az, en, ru",https://pubhtml5.com/gemc/xegj/carpet_museum_50/,"Официальный каталог Азербайджанского национального музея ковра (2017/2018); содержит подробное описание коллекции ковров Баку группы (Хила-бута, Хила-Афшан, Сураханы и др.) с техническими характеристиками, цветовой гаммой и региональными особенностями; включает ковры школы Мугань","кандидат от литературного скаута, не подтверждён"
CARPETS (OCAZ Documentation Project),не указан,website,en,https://1905.az/wp-content/uploads/2014/10/Xalcalar_OCAZ.pdf,"Этнографическая документация, включающая систематизацию азербайджанских ковровых школ; описывает технические характеристики ковров Мугани и Талыша (плотность узла 30х30 до 40х40, размеры, материалы), их региональные типы и отличительные черты","кандидат от литературного скаута, не подтверждён"
Художественный и технический анализ некоторых видов газахского ковра «Борчалы»,"С.Ш. Рзаева, Я.Р. Салимов",article,ru,https://doi.org/10.59103/muzkz.2024.07.03,"Научная статья из Азербайджанского национального музея ковра (2024) с методологией художественно-технического анализа; демонстрирует апробированный подход к атрибуции через анализ структуры медальона, орнаментальных форм и характеристик колорита, применимый к ковровым школам, включая соседствующие с Талышем и Мугането регионы","кандидат от литературного скаута, не подтверждён"
Azerbaijani Ritual Shadda Carpets as Guarder of the People's Oral Heritage,Roya Taghiyeva,article,en,https://icme.mini.icom.museum/wp-content/uploads/sites/16/2019/01/ICME_2005_taghiyeva.pdf,"Научная конференция ICME (Международный совет музеев) 2005 г. об обрядовых ковровых символах шаддa, их магическое и ритуальное значение, связь с фольклорной традицией","кандидат от литературного скаута, не подтверждён"
Codes in Azerbaijani carpets,Mir-Bagirzadeh,article,en,https://doi.org/10.31312/2310-1245-2021-48-38-57,"Рецензируемая статья в журнале Studia Culturae о семиотике азербайджанских ковров, кодировании символов, связи орнаментов с культурными традициями школ Баку, Кубы, Ширвана, Гянджи, Газаха, Карабаха, Табриза","кандидат от литературного скаута, не подтверждён"
Comparison of Azerbaijani Carpets and Embroideries According to Composition and Patterns,Valida Pashayeva,article,en,https://doi.org/10.36719/2663-4619/114/18-34,"Современная рецензируемая статья (2025) о сравнительной символике и мотивах азербайджанских ковров школ Карабаха, Ширвана, Кубы, Газаха и Табриза, их композиционной структуре","кандидат от литературного скаута, не подтверждён"
Азербайджанские ковры: Иреванская группа,"Видади Мурадов, Ягуб Махмудов, Ася Ширалиева (науч. ред.)",museum_catalog,ru,https://www.preslib.az/en/elibrary/ebook/vTsz41r3,"Первый каталог иреванской школы азербайджанских ковров (2011), издан Национальной библиотекой и Академией наук Азербайджана. Охватывает западноазербайджанское ковроткачество на базе коллекции.","кандидат от литературного скаута, не подтверждён"
Карабахские ковры,"Гюльзаде Абдулова (автор), Наиля Велиханлы (науч. ред.)",museum_catalog,ru,http://azhistorymuseum.gov.az/ru/science_pub,"Музейный каталог Национального музея истории Азербайджана с описанием 150 карабахских ковров и ковровых изделий из коллекции, включая технологические сведения о окрашивании (2013).","кандидат от литературного скаута, не подтверждён"
The State of Carpet Weaving in the Karabakh Region of Azerbaijan in the Beginning of the 20th Century,Telman Musayev,article,ru,https://doi.org/10.31166/voprosyistorii202201statyi58,"Рецензируемая статья в журнале 'Вопросы истории' (2022), анализирует внешние и внутренние условия развития ковроткачества Карабаха в конце XIX – начале XX вв., причины подъёма спроса и последующего спада","кандидат от литературного скаута, не подтверждён"
Carpets of Karabakh / NKR_rugs_engl (Collection Research Study),Unknown (Museum/Research Institution),museum_catalog,en,https://int-heritage.am/wp-content/uploads/2022/04/Carpets-of-Karabakh_compressed.pdf,"Исследование коллекции карабахских ковров; содержит информацию о Шушинских коврах, производстве в XIX–XX вв., включая сведения о ковровой фабрике в Шуше (1907) с 120 работниц, производившей 600–700 ковров в год","кандидат от литературного скаута, не подтверждён"
Karabakh Carpets (Comprehensive Regional Study),Russian Institute of Strategic Studies (IRS-AZ),article,en,https://irs-az.com/sites/default/files/2021-08/4.pdf,"Развёрнутое региональное исследование карабахских ковров (XVII–XX вв.), описывает горный центр производства (Шуша, Гасымушагы, Дашбулаг и др.) и равнинный центр (Джебраил, Агдам, Барда), типы композиций (челеби, аран, годжа, гасымушагы и др.)","кандидат от литературного скаута, не подтверждён"
"Baki, Şirvan, Quba xalçaları (Milli Azərbaycan Tarixi Muzeyinin kolleksiyasından). Kataloq",Xədicə Əsədova,museum_catalog,az,http://www.azhistorymuseum.gov.az/az/book/15,"Официальный музейный каталог Национального музея истории Азербайджана с систематической классификацией ширванских и кубинских ковров из музейной коллекции, включая технические характеристики и композиции","кандидат от литературного скаута, не подтверждён"
Weaving the thread of fate into the carpet. Decorative and Applied Art of Azerbaijan in the Collection of the Russian Ethnographic Museum (Декоративно-прикладное искусство Азербайджана в собрании Российского этнографического музея),Collective authors (Russian Ethnographic Museum & Azerbaijan National Carpet Museum),museum_catalog,ru,https://ethnomuseum.ru/collections/collection/kollekcii-po-kulture-narodov-kavkaza-i-,"Совместное исследование экспертов РЭМ и Азербайджанского национального музея ковра (2021) с каталогом ковров и текстильных изделий, анализом технических и художественных особенностей; более 40 образцов ковров и изделий декоративно-прикладного искусства с этнографическим описанием","кандидат от литературного скаута, не подтверждён"
"Kelagayi as Cultural Heritage: Structural, Functional, and Aesthetic Dimensions of a Traditional Azerbaijani Headscarf",Ibrahimbeyova R.F.,article,en,https://doi.org/10.56334/sei/8.9.18,"Этнографическое исследование (2025) традиционного азербайджанского текстиля — платка келагаи (шелк, набойка, естественные краски), его структуры, символики и семейного производства; анализ исторической эволюции и современной семиотики","кандидат от литературного скаута, не подтверждён"
The art of Azerbaijani carpet weaving in the context of the intercivilizational dialog,Azerbaijani scholars,article,en,https://cyberleninka.ru/article/n/the-art-of-azerbaijani-carpet-weaving-in-the-context-of-the-intercivilizational-dialog,"Рецензируемая научная статья с анализом истории ковроткачества от эпохи Энеолита, археологических источников, развития семи школ ковроделия; синтез этнографических, исторических и культурных элементов в азербайджанском ковре","кандидат от литературного скаута, не подтверждён"
Early Days at the Loom in Transcaucasia. Notes concerning the nature and origins of textiles,Richard E. Wright,website,en,http://richardewright.com/1213_Early--Days-at-the-Loom-in-Transcaucasia.html,"Оцифрованные исторические тексты из русских государственных отчётов 1836 и 1856 гг. о ковровой торговле в Кубе, Гяндже, Апшероне; названия ковровых центров (Газахские, Кубинские и т.д.), описания местного кустарного производства","кандидат от литературного скаута, не подтверждён"
Краткий очерк кустарных промыслов Кавказа (1913). Глава о ковровом производстве,Пиралов А.С.,website,ru,http://eykumena.ru/category/teksty-iz-knig/kratkiy-ocherk-kustarnyh-promyslov-kavkaza/,"Оцифрованный текст классического источника о кустарных промыслах, включая раздел о ковровом производстве и торговле на Кавказе; доступны отдельные главы из издания 1913 г.","кандидат от литературного скаута, не подтверждён"
Безворсовые ковры Азербайджана (XVII- начала XX вв.),Кюбра Мухтар кызы Алиева,book,ru,https://cheloveknauka.com/bezvorsovye-kovry-azerbaydzhana-xvii-nachala-xx-vv,"Кандидатская диссертация 1984 г. по искусствоведению, защищенная в Москве. Первое специальное научное исследование безворсовых ковров как самостоятельного вида народного искусства; введены в научный обиход ранее неизвестные виды (лады, гедирге, чийи)","кандидат от литературного скаута, не подтверждён"
Ковер в художественной структуре национального интерьера Азербайджана,Тамилла Шахбаба кызы Мамедова,book,ru,https://cheloveknauka.com/kover-v-hudozhestvennoy-strukture-natsionalnogo-interiera-azerbaydzhana,"Кандидатская диссертация 1991 г., защищенная в Москве. Первый опыт искусствоведческого анализа азербайджанского жилого интерьера с комплексным подходом к изучению функций ковра в национальной культуре","кандидат от литературного скаута, не подтверждён"
Микаилзаде в контексте традиций азербайджанской ковровой школы,Айтен Азад гызы Эфендиева,book,ru,https://aak.gov.az/upload/dissertasion/s_n_t_nasl_q/Avtoreferat_son2.pdf,Диссертация 2025 г. на соискание степени PhD по искусствоведению. Анализирует творчество художника Эльдара Микаилзаде и его роль в развитии азербайджанского коврового искусства в контексте тебризской школы и классических традиций,"кандидат от литературного скаута, не подтверждён"
On Some Peculiarities of Talysh Decorative-Applied Art,Nurangiz Ali Kerimova,article,en,https://ethnoglobus.az/949-on-some-peculiarities-of-talysh-decorative-applied-art.html,"Научная статья о талышском ковроткачестве, его этапах развития, технических характеристиках (плотность узлов, техники узлования), композициях и представленности в мировых музеях","кандидат от литературного скаута, не подтверждён"
AZERBAYCAN HAVSIZ HALILARININ BİR GRUBU HAKKINDA ARAŞTIRMA (Исследование группы азербайджанских безворсовых ковров),Не указан,article,tr,https://dergipark.org.tr/en/pub/kesitakademi/article/864149,"Специализированное исследование безворсовых ковров (палаз, джежим, шедде) Азербайджана с техническими и художественными характеристиками регионального происхождения","кандидат от литературного скаута, не подтверждён"
"AZERBAYCAN'IN CECİM, PALAZ, ŞEDDE DOKUMALARI ÖRNEĞİNDE GÜNCEL KUMAŞ VE GİYSİ TASARIMI UYGULAMALARI",Не указан,article,tr,https://dergipark.org.tr/en/pub/mahder/article/645861,"Детальное исследование технических и структурных особенностей безворсовых азербайджанских ковров (джежим, палаз, шедде), их геометрической организации и распределения по регионам","кандидат от литературного скаута, не подтверждён"
