table,fig,section,name,translation,carpet,type,note
1,1,,Саде,"золаглар Простые полосы Палас | По сравнению с гладким фоном, поверхность паласа кажется более",рельефной.,,
2,1,,?,,Палас |,,
3,1,,?,,Палас |,,
4,1,,Немсе,нахышы Немецкий узор Килим,|,,
5,1,,?,,Килим |,,
6,1,,Хачлы,Крестообразный,Верни,Кар.,
7,1,,Гуш,Птица Карабахский,верни,Кар.,
7,2,,Агадж,Дерево Карабахский,верни,Кар.,Возможно это изображение спереди летящего удода.
7,3,,Гошагуш,Парные птицы Карабахский,верни,Кар.,
7,4,,Гуш,Птица Карабахский,верни,Кар.,Возможно это изображение петуха.
8,1,,Гуш,Птица Карабахский,верни,Кар.,"Этот элемент, изображающий индейку, встречается на попоне для лошади."
8,2,,Гуш,Птица Карабахский,верни,Кар.,Больше похож на изображение животного.
8,3,,?,,Карабахский верни,Кар.,"Похож на изображение животного, но возможно это является изображением ручейка."
9,1,,Тула,Охотничья собака Казахский,зили,Г.-К.,Изображен на узоре попоны лошади.
9,2,,Гоч,Баран Казахский,зили,Г.-К.,
9,3,,Кечи,Козел Бакинский,зили,К.-Ш.,
9,4,,Гуш,Птица Бакинский,зили,К.-Ш.,Возможно это изображение индейки.
9,5,,Хоруз,Петух Бакинский,зили,К.-Ш.,Встречается также в карабахском зили.
9,6,,Хейван,Животное Карабахский,зили,Кар.,"Видимо, это изображение зайца."
10,1,,Гоюн,Овца Карабахский,зили,Кар.,
10,2,,Нахыш,Узор Казахский,зили,Г.-К.,"Изображение гуся спереди, с изогнутой шеей."
10,3,,Зилинахышы,Узор зили Карабахский,зили,Кар.,
10,4,,?,,Карабахский зили,Кар.,
10,5,,Ит,Собака Карабахский,зили,Кар.,
10,6,,Зилинахышы,Узор зили Казахский,зили,Г.-К.,Напоминает стаю гусей.
10,7,,Шана,Вилы Карабахский,зили,Кар.,
10,8,,Шамдан,Подсвечник Бакинский,зили,К.-Ш.,"Взято из карабахского зили (таблица 7, рисунок 2)."
10,9,,Тоюг,Курица Казахский,зили,Г.-К.,"Этот элемент, напоминающий индейку, встречается в узоре попоны для лошади."
11,1,,Агадж,Дерево Карабахский,зили,Кар.,Напоминает летящего журавля спереди
11,2,,Безек,Украшение Карабахский,зили,Кар.,
11,3,,Бута,Бута Карабахский,зили,Кар.,"Скорее всего, это изображение ветки."
11,4,,Шамдан,Подсвечник Карабахский,зили,Кар.,
11,5,,Гарнахыш,Снежный узор Казахский,зили,Г.-К.,
11,6,,Ченг,Музыкальный инструмент Карабахский,зили,Кар.,Напоминает восточный музыкальный инструмент.
11,7,,Бөлме,Деленный Карабахский,зили,Кар.,"Заключенный в квадрат элемент, напоминает летучую мышь."
12,1,,Долама,хашийе Спиральная кайма Конская,попона,Г.-К.,Напоминает узор русских вышивок.
12,2,,Гармахлы,хашийе Крючкообразная кайма Бакинский,зили,К.-Ш.,
12,3,,?,,Конская попона,Г.-К.,Напоминает «сичандиши» в ворсных коврах. См. табл. 134.
12,4,,Кыйнах,Коготь Карабахский,зили,Кар.,
12,5,,Гармахлы,хашийе Крючкообразная кайма,Карабах,Кар.,Эта кайма очень редко встречается.
12,6,,?,,Гараджинский зили,Теб.,Напоминает кирпичный узор в архитектуре. Встречается и в Карабахе.
12,7,,Гармахлы,Крючкообразный Карабахский,верни,Кар.,
12,8,,Ченгелли,Крючковатый Казахский,зили,Г.-К.,Называется также «гюйрумлу хашийе»
13,1,,Хейван,Животное Кубинский,сумах,К.-Ш,"Элементы, данные в этой таблице, в основном взяты из ворсных ковров."
13,2,,Алма,Яблоко Кубинский,сумах,К.-Ш,Круглые элементы кубинские мастера называют «яблоком».
13,3,,Керпич,Кирпич Кубинский,сумах,К.-Ш,
13,4,,Пишикаагы,Лапа кошки Кубинский,сумах,К.-Ш,Это восьмилепестковый цветок.
13,5,,Ченгель,Крюк Кубинский,сумах,К.-Ш,
13,6,,Ылдыз,Звезда Кубинский,сумах,К.-Ш,
13,7,,Хорме,Плетение Кубинский,сумах,К.-Ш,Напоминает вязь куфического письма.
13,8,,?,,Кубинский сумах,К.-Ш,
14,1,,Ушаг,Ребенок,Ширван,К.-Ш,
14,2,,Адам,Человек,Джек,К.-Ш,Напоминает пугало (чучело).
14,3,,Адам,Человек,Казах,Г.-К,
14,4,,Адам,Человек,Карабах,Кар.,
14,5,,Адам,ве ат Человек и лошадь,Караязы,Г.-К,Изображение сельскохозяйственной работы.
14,6,,Адам,Человек,Мугань,Кар.,
14,7,,Адам,Человек,Шахназарли,К.-Ш,
14,8,,Адам,Человек,Леджеди,К.-Ш,Изображен танцующий человек с платочком в руке.
14,9,,Баш,Голова,Сураханы,К.-Ш,Знак солнца.
15,1,,Быг,Усы,Карабах,Кар.,
15,2,,Әл,"Рука Гянджа Г.-К Иногда называют «пенджа», что в переводе означает кисть руки. Этот элемент характерен для молитвенных",ковриков,—,«намазлык».
15,3,,Гёз,Глаз,Карабах,Кар.,"Иногда называют бусинкой, которую носят против дурного глаза."
15,4,,Әләлә,Рука об руку,Мараза,К.-Ш,Изображение нескольких таких элементов вместе напоминает азербайджанский народный танец «яллы».
15,5,,Габырга,Ребро,Салахлы,Г.-К,"Вместе с тем можно предположить, что это изображение могилы."
15,6,,Киши,Мужчина,Мараза,К.-Ш,
16,1,,Кепенек,Бабочка,Биджо,К.-Ш,Считается одним из основных элементов ковра «Биджо»
16,2,,Хейван,Животное,Гашед,К.-Ш,Изображение сидящего животного.
16,3,,Хейван,Животное,Казах,Г.-К,Летящая птица.
16,4,,Хейван,Животное,Гасымушагы,Кар.,Напоминает летящую птицу.
16,5,,Бута,Бута,Ханлыг,Кар.,Встречается также в верни и зили. Этот элемент напоминает летящую птицу.
16,6,,Дев,Див. Сказочное существо,Казах,Г.-К,Встречается также в китайских миниатюрах.
16,7,,Гоша,Парный,Карагаплы,К.-Ш,Элемент «гоша» встречается в ковре Карагаплы в различных формах.
17,1,,Балыг,Рыба,Биджо,К.-Ш,Встречается также в бакинских коврах.
17,2,,Хейван,Животное,Джек,К.-Ш,"Можно предположить, что это изображение рака."
17,3,,Херченг,Рак,Карабах,Кар.,
17,4,,Тысбага,Черепаха,Казах,Г.-К,
17,5,,Чанахлы-бага,Черепаха,Ширван,К.-Ш,Изредка встречается также в бакинских коврах.
17,6,,Херченг,Рак,Алпан,К.-Ш,Считается основным элементом ковра «Алпан».
17,7,,Гурбага,Лягушка,Баку,К.-Ш,
18,1,,Пишик,Кошка,Карабах,Кар.,
18,2,,Кучук,Щенок,Карабах,Кар.,
18,3,,Гузу,Ягненок,Фатмаи,К.-Ш,
18,4,,Тула,Щенок,Ширван,К.-Ш,
18,5,,?,,Карагашлы,К.-Ш,
18,6,,Гузу,Ягненок,Ширван,К.-Ш,Встречается в бордюре ковра «Кабала».
18,7,,Ит,Собака,Гянджа,Г.-К,Встречается также в вышивках Карабаха.
18,8,,Тазы,Охотничья собака,Караязы,Г.-К,
18,9,,Ит,Собака,Карабах,Кар.,Этот элемент относится к XIX веку.
18,10,,Хейван,"Животное Гянджа Г.-К Несмотря на то, что изображение",четвероногое,—,это птица.
18,11,,Ат,Лошадь,Караязы,Г.-К,Встречается и в карабахских коврах.
18,12,,Ит,Собака,Караязы,Г.-К,
18,13,,Гоюн,Овца,Конахкенд,К.-Ш,
18,14,,Тоус,Павлин,Карабах,Кар.,"Элементы, данные в рис. 14, 15, 16, взяты из карабахских узоров. Изображение семиног у этих птиц когда-то носило символический смысл."
18,15,,Тоус,Павлин,Карабах,Кар.,
18,16,,Тоус,Павлин,Карабах,Кар.,
19,1,,Джейран,Серна,Малыбейли,Кар.,
19,2,,Джейран,Серна,Малыбейли,Кар.,Больше напоминает пасущуюся овцу.
19,3,,Марал,Олень,Малыбейли,Кар.,
19,4,,Кечи,Коза,Салмесоюд,К.-Ш,
19,5,,Гоюн,Овца,Карабах,Кар.,
19,6,,Инәк,Корова,Караязы,Г.-К,
19,7,,Гоч,Баран,Казах,Г.-К,Больше напоминает оленя.
19,8,,Кечидабаны,Козлиная пятка,Гянджа,Г.-К,Означает след животного.
19,9,,Дәвә,Верблюд,Ширван,К.-Ш,
19,10,,Чинар,Тополь,Карагашлы,К.-Ш,"Предполагается, что это голова животного."
19,11,,Дәвә,Верблюд,Ширван,К.-Ш,
19,12,,Дәвә,Верблюд,Ширван,К.-Ш,
19,13,,Дәвә,Верблюд,Конахкенд,К.-Ш,
19,14,,Куван,?,Кобыстан,К.-Ш,Это слово означает «караван».
19,15,,Дәвә,Верблюд,Карабах,Кар.,
20,1,,Ордәк,Утка,Куба,К.-Ш,
20,2,,Газ,Гусь,Ширван,К.-Ш,Скорее всего это изображение утки.
20,3,,Ордәк,Утка,Арсалан,К.-Ш,Изображение утки характерно для конахкендских ковров.
20,4,,Ордәк,Утка,Ордудж,К.-Ш,
20,5,,Ордәк,Утка,Арсалан,К.-Ш,
20,6,,Гошагуш,Парная птица,Куба,К.-Ш,Симметричное изображение двухголовой птицы.
20,7,,Ордәк,Утка,Ширван,К.-Ш,
20,8,,Ордәк,Утка,Гымыл,К.-Ш,Напоминает плавающую утку.
20,9,,Ордәк,Утка,Сор-сор,К.-Ш,
20,10,,Газ,Гусь,Зейва,К.-Ш,
20,11,,Ордәк,Утка,Алпан,К.-Ш,Больше напоминает изображение гуся.
20,12,,Ордәк,Утка,Ширван,К.-Ш,
21,1,,Фәрә,Цыпленок,Карабах,Кар.,
21,2,,Тоюг,Курица,Ширван,К.-Ш,
21,3,,Джуджә,Цыпленок,Гырыз,К.-Ш,
21,4,,Хоруз,Петух,Конахкенд,К.-Ш,
21,5,,Кәклик,Куропатка,Ордудж,К.-Ш,"По всей вероятности, это голубь."
21,6,,Гуш,Птица,Арджиман,К.-Ш,
21,7,,Гуш,Птица,Куба,К.-Ш,
21,8,,Чалаган,Коршун,Гымыл,К.-Ш,Встречается в бордюре бакинских ковров.
21,9,,Хоруз,Петух,Карабах,Кар.,
21,10,,Тоюг,Курица,Хила,К.-Ш,
21,11,,?,,Казах,Г.-К,Напоминает поющего петуха.
21,12,,Тоюг,Курица,Хила,К.-Ш,
21,13,,Газ,Гусь,Ханлыг,Кар.,
21,14,,Хоруз,Петух,Сараб,Теб.,
21,15,,Гыргоул,Тетерев,Мугань,Кар.,
22,1,,Дәвә,Верблюд,Пиребедиль,К.-Ш,Скорее всего это индейка.
22,2,,Дәвә,Верблюд,Пиребедиль,К.-Ш,См. в примечании рис. № 1 той же таблицы.
22,3,,Дәвә,Верблюд,Пиребедиль,К.-Ш,См. на примечания выше.
22,4,,Гуш,Птица,Мугань,Кар.,Взято из декора верни и зили.
22,5,,Гуш,Птица,Гянджа,Г.-К,Встречается также и в карабахских вышивках.
22,6,,Тоус,Павлин,Шахназарли,К.-Ш,Встречается больш. частью в ковре «Арджиман».
22,7,,Гуш,Птица,Мугань,Кар.,Встречается также в ковре «Борчалы» Казахской группы.
23,1,,Нахыш,Узор,Ширван,К.-Ш,Леденец в виде птицы.
23,2,,Гуш,Птица Ширван К.-Ш Напоминает детскую,игрушку,—,"петушка, вырезанного из дерева."
23,3,,Хаштархан,тоюгу Индейка,Карабах,Кар.,Взято из декора верни и зили.
23,4,,Гёл,ортасы Центр медальона,Кабала,К.-Ш,"Возможно, это летучая мышь."
23,5,,Гуш,Птица,Самух,Г.-К,"Напоминает птицу, вырезанную из дерева."
24,1,,Гуш,Птица,Ширван,К.-Ш,Напоминает черного ворона.
24,2,,Гуш,"Птица Мугань Кар. Символическое изображение двух птиц,",означающее,—,любовь.
24,3,,Гуш,Птица,Биджо,К.-Ш,
24,4,,Гуш,Птица,Арджиман,К.-Ш,Напоминает летящую птицу.
24,5,,Гуш,Птица,Сураханы,К.-Ш,Больше напоминает сидящую кошку.
24,6,,Кәклик,Куропатка,Ханлыг,Кар.,
24,7,,Гуш,Птица,Биджо,К.-Ш,
24,8,,Тутугушу,Попугай,Лампа,Кар.,"Этот элемент применяется только в комплекте даст-хали-гебе «Лампа», производившегося в XIX в. в Шуше."
24,9,,Гәрәлә,Жаворонок,Бахчадагыоллер,Кар.,Жаворонок является символом радостной вести.
24,10,,Бюльбюль,Соловей,Багчадагыоллер,Кар.,Этот элемент относится к XIX в.
24,11,,Сары,бюльбюль Желтый соловей,Ширван,К.-Ш,
25,1,,Шахәгюлю,Веточка с цветком,Хила,К.-Ш,
25,2,,Гошалар,Парные Карабах и,Ширван,,
25,3,,Бута,Бута,Ширван,К.-Ш,Парное изображение птицы. Взято из карабахских зили и верни.
25,4,,Бута,Бута,Фындыган,К.-Ш,Взято из бакинского зили.
26,1,,?,,Казах,Г.-К,Напоминает бабочку.
26,2,,Кепенек,Бабочка,Чичи,К.-Ш,
26,3,,Кәпәнәк,Бабочка,Карабах,Кар.,
26,4,,Хорумчек,Паук,Гянджа,Г.-К,
26,5,,Ары,Оса,Карабах,Кар.,
26,6,,Гырхааг,Сороконожка,Фатмаи,К.-Ш,
26,7,,Пәрванә,Ночная бабочка,Ширван,К.-Ш,Скорее всего это оса.
26,8,,Ары,Оса,Ширван,К.-Ш,Встречается и в муганских коврах.
26,9,,Ары,Оса,Шилян,К.-Ш,
26,10,,Ары,Оса,Ширван,К.-Ш,Вид осы спереди.
26,11,,Ары,Оса,Ширван,К.-Ш,Встречаются и в коврах Иранского Азербайджана.
27,1,,Нал,Подкова,Гасымушагы,Кар.,Подкова в народе является символом изобилия.
27,2,,Ченгель,Крюк,Гянджа,Г.-К,
27,3,,Китаб,Книга,Карабах,Кар.,"Возможно это рехиль, т. е. деревянная подставка для книг."
27,4,,Ягдан,Масленка,Гаджигаиб,К.-Ш,Напоминает форму кувшинчика.
27,5,,Байраг,Знамя,Гянджа,Г.-К,
27,6,,Елпик,Веер,Карабах,Кар.,
27,7,,Фыр-фыра,Вертушка,Пиребедиль,К.-Ш,По форме своей напоминает ветряную мельницу.
27,8,,Фыр-фыра,Вертушка,Сальяны,К.-Ш,
27,9,,Вәл,Молотильная доска,Самух,Г.-К,Напоминает узор украинских вышивок.
27,10,,Вәл,Молотильная доска,Карабах,Кар.,
27,11,,Башлыг,Железный наконечник,Гасымушагы,Кар.,Головка топора или секиры.
27,12,,?,,Карагашлы,К.-Ш,По-видимому это секира или наконечник какого-нибудь оружия.
27,13,,Оджаг,Очаг,Конахкенд,К.-Ш,"В Карабахе он называется «Мектебоджагы», т. е. «Школьный очаг»."
27,14,,Оджаг,Очаг,Джемджемли,К.-Ш,
28,1,,Дараг,Гребень,Карабах,Кар.,
28,2,,Дараг,Гребень,Биджо,К.-Ш,
28,3,,Дараг,Гребень,Карагоюнлу,Кар.,
28,4,,Саккал,дарагы Гребень для бороды,Ширван,К.-Ш,В карабахских молитвенных коврах (намазлыках) встречается чаще.
28,5,,Саккал,дарагы Гребень для бороды,Карабах,Кар.,
28,6,,Дараг,Гребень,Конахкенд,К.-Ш,Напоминает старое сельскохозяйственное орудие
28,7,,Готаз,Кисточка,Гянджа,Г.-К,
28,8,,Готаз,Кисточка,Салахлы,Г.-К,
28,9,,Зорхана,Зорхана,Хан-Карабах,Кар.,
28,10,,Зорхана,Зорхана,Хан-Карабах,Кар.,Название заведения для гимнастических занятий на Востоке.
29,1,,Койнек,Рубаха Кохна,Куба,К.-Ш,Напоминает род азербайджанской одежды с длинными рукавами «чапкен».
29,2,,Койнек,Рубаха Кохна,Куба,К.-Ш,
29,3,,Говлуг,Сумка,Сураханы,К.-Ш,"Видимо, это изображение птичьей клетки."
29,4,,Чичек,"Цветок Чичи К.-Ш По всей вероятности, это изображение",медальона,—,женского украшения.
29,5,,Мешәл,Факел,Джагырлы,К.-Ш,Применяется в религиозных процессах или во время празднеств.
29,6,,Башмаг,Башмак,Конахкенд,К.-Ш,
29,7,,Джефте,Дверная скоба,Куба,К.-Ш,
29,8,,Мохур,Мохур,Кюрд,Кар.,"Плоский кружочек глины из святых мест, к которому прикладываются лбами при совершении земных поклонов во время молитвы."
29,9,,Мохур,Мохур,Кобыстан,К.-Ш,
29,10,,Джефте,Скоба,Карабах,Кар.,
30,1,,Тоггагабагы,Пряжка,Карабах,Кар.,
30,2,,Кемер,Пояс,Гырыз,К.-Ш,
30,3,,Кемербезейи,Поясное украшение,Пиребедиль,К.-Ш,В Карабахе этот элемент называют пуговицей.
30,4,,Белбагы,Пояс,Хила-Сураханы,К.-Ш,В ювелирном искусстве этот элемент носит название «гызыл кетебә».
30,5,,Тогга,Пояс,Биджо,К.-Ш,Здесь имеется в виду «пряжка».
30,6,,Тогга,Пояс,Казах,Г.-К,
30,7,,Тоггагабагы,Пряжка,Карабах,Кар.,
30,8,,Тоггагабагы,Пряжка,Карабах,Кар.,Больше характерен для казахских ковров.
30,9,,Тогга,Пояс,Казах,Г.-К,
30,10,,Тогга,Пояс,Казах,Г.-К,
31,1,,Сырга,Сережка,Фахралы,Г.-К,
31,2,,Сырга,Сережка,Ширван,К.-Ш,В ювелирном искусстве называют «пиала».
31,3,,Сырга,Сережка,Гаджигаиб,К.-Ш,
31,4,,Сырга,Сережка,Набур,К.-Ш,
31,5,,Сырга,Сережка,Куба,К.-Ш,В ювелирном искусстве называется «айпара» за свою форму в виде полумесяца.
31,6,,Сырга,Сережка,Куба,К.-Ш,
31,7,,Сырга,Сережка,Куба,К.-Ш,
31,8,,Сырга,Сережка,Гырыз,К.-Ш,
31,9,,Сырга,Сережка,Куба,К.-Ш,"В ювелирном искусстве наз. «саллама», т. е. висящая."
31,10,,Сырга,Сережка,Куба,К.-Ш,"В ювелирном искусстве наз. «саллама», т. е. висящая."
31,11,,Сырга,Сережка,Фахралы,Г.-К,Напоминает фигуру Будды в китайских миниатюрах.
31,12,,Сырга,Сережка Гаджигаиб К.-Ш Этот элемент называется,«сюмбюль-дараг»,—,гребень-колос.
31,13,,Сырга,Сережка,Карабах,Кар.,
32,1,,Нахыш,Узор,Мугань,Кар.,"Можно предполагать, что это шкура животного."
32,2,,Дюйме,Пуговица,Карабах,Кар.,В ювелирном искусстве рельефные кружочки на поясе называются пуговицей.
32,3,,Пенджерә,Окно,Талыш,Кар.,
32,4,,Булут,Облако,Малыбейли,Кар.,Встречается также в китайских и среднеазиатских коврах.
32,5,,Чарх,Колесо,Бакы,К.-Ш,"Это изображение колеса, устанавливаемого в питьевых и нефтяных колодцах."
32,6,,Чарх,Колесо,Сальян,К.-Ш,
32,7,,Гую,чархы Колодезное колесо,Чичи,К.-Ш,
32,8,,Чарх,Колесо,Ширван,К.-Ш,
32,9,,?,,Ширван,К.-Ш,Напоминает корабль.
32,10,,?,,Бакы,К.-Ш,Напоминает парусник.
33,1,,Эрсин,Железная лопаточка для сгреб. теста внутри посуды,Бакы,К.-Ш,Напоминает молотильную доску.
33,2,,Гендил,Подвесная лампада,Мараза,К.-Ш,Встречается также в коврах «Тебриз» и «Шейх Сефи».
33,3,,Тахт,Престол,Мараза,К.-Ш,Это основной элемент ковра «Мараза».
33,4,,Пенджа,Лапа Гянджа Г.-К Больше встречается в,коврах,—,намазлыках.
34,1,,Каса,Чаша,Алпан,К.-Ш,
34,2,,Купә,Глиняный кувшин,Ширван,К.-Ш,
34,3,,Гюлабдан,Флакон для розовой воды,Казах,Г.-К,
34,4,,Күрэ,Печь,Куба,К.-Ш,Передвижная печь из глины или жести.
34,5,,Афтафа,Сосуд для омовения,Ширван,К.-Ш,
34,6,,Афтафа,Сосуд для омовения,Чуханлы,К.-Ш,"В Карабахе носит название «гююм», т. е. кувшин."
34,7,,Афтафа,Сосуд для омовения,Карабах,Кар.,
34,8,,Симавар,Самовар,Зейва,К.-Ш,Относится к концу XIX в.
34,9,,Тохмаг,Колотушка,Карабах,Кар.,
34,10,,Гыф,Воронка,Карабах,Кар.,"Этот элемент называется «мизрабом», т. е. плектором."
34,11,,Сюмбюль,Колос,Арджиман,К.-Ш,
34,12,,Сюмбюльдарах,Гребень-колос,Куба,К.-Ш,Этот символ изобилия встречается и в других коврах Азербайджана.
35,1,,Гатдан,Сахарница,Ширван,К.-Ш,Скорее всего это масленка.
35,2,,Габ,Посуда,Фахралы,Г.-К,Ваза с грушами.
35,3,,Габ,Посуда,Куба,К.-Ш,Ваза с яблоками.
35,4,,Габ,Посуда,Фахралы,Г.-К,Ваза с грушами.
35,5,,Гюльдан,Цветочница,Карагашлы,К.-Ш,Основной элемент ковра «Карагашлы».
35,6,,Гюльдан,Цветочница,Сагсыдагюллер,Кар.,Взят из русских вышивок XIX в.
35,7,,Шамдан,Подсвечник,Салмесоюд,К.-Ш,
35,8,,Шамдан,Подсвечник,Мугань,Кар.,Напоминает алтарь у огнепоклонников.
36,1,,Наггаш,Узор,Карабах,Кар.,Ступенчатые элементы наиболее древние из ковровых мотивов.
36,2,,Дамга,Клеймо,Гянджа,Г.-К,
36,3,,Дамга,Клеймо,Конахкенд,К.-Ш,Встречается и в ширванских коврах.
36,4,,?,,Гаджигаиб,К.-Ш,"Можно считать, что это «кетебә»."
36,5,,Килимгюлю,Килимовый цветок,Салахлы,Г.-К,Взят из килимового узора.
36,6,,Килимгюлю,Килимовый цветок,Карабах,Кар.,
37,1,,Килимгюлю,Килимовый цветок,Карабах,Кар.,
37,2,,Килимгюлю,Килимовый цветок,Карабах,Кар.,
37,3,,Килимгюлю,Килимовый цветок,Гянджа,Г.-К,
37,4,,Гюлюдасмал,Платок с цветочкам Кохна,Куба,К.-Ш,Этот элемент встречается и в дербентских коврах.
37,5,,Баджа,Дымовая труба,Карабах,Кар.,
38,1,,?,,Мугань,Кар.,
38,2,,Секкиздырнаг,Восьмипалый,Куба,К.-Ш,Этот элемент называется также следом животного.
38,3,,Сырыг,Стеганка,Мугань,Кар.,"Встречается в узоре одеяла, бохча, сюзени, джанамаз, стеганки."
38,4,,Килимгюлю,Килимовый цветок,Карабах,Кар.,
38,5,,Фетир,Сдобный хлеб,Мугань,Кар.,"Напоминает узор, который встречается на хлебе."
39,1,,Яйлыг,гюлю Цветок платковый,Гянджа,Г.-К,"Этот элемент называется также «Алты-юм», что означает шестиузловый."
39,2,,Баджа,Дымовая труба,Карабах,Кар.,
39,3,,Баджа,Дымовая труба,Карабах,Кар.,
39,4,,Джыгга,?,Ширван,К.-Ш,Украшение в виде наконечника.
39,5,,Хал,Пятно Биджо К.-Ш Этот элемент называется также,«чар-пазы»,—,крестообразный.
39,6,,Гюлюйайлыг,Платок с цветами,гырыз,К.-Ш,Встречается в декоре каламкара (набойки).
39,7,,Гюль,Цветок,Куба,К.-Ш,
39,8,,Гюль,Цветок,Куба,К.-Ш,
39,9,,Гюлюйайлыг,Платок с цветами,Гырыз,К.-Ш,Встречается также в декоре каламкара.
39,10,,Алма,Яблоко,Куба,К.-Ш,"Напоминает головы четырех животных, изображенных симметрично."
40,1,,Нахыш,Узор,Хан-Карабах,Кар.,
40,2,,Дамга,Клеймо,Куба,К.-Ш,
40,3,,Гапы,нахышы Узор,Гянджа,Г.-К,
40,4,,Сермә,Орнаментальный мотив,Сальян,К.-Ш,Подразумевается переплетение.
40,5,,Гяламдан,Пенал,Фахралы,Г.-К,"Мотив, напоминающий по форме «кетебэ» в Иранском Азербайджане называют «пеналом»."
40,6,,?,,Мугань,Кар.,
40,7,,Пенджере,Окно,Ширван,К.-Ш,"Называется также «шебеке», т. е. решетка"
40,8,,Сини,Поднос,Казах,Г.-К,Небольшой медальон «кетебэ».
40,9,,Пенджере,Окно,Ширван,К.-Ш,
40,10,,Гёбялек,Гриб,Хан-Карабах,Кар.,Сильно стилизованный цветочный элемент.
40,11,,Сюзенинахыш,Узор сюзени,Кюрд,Кар.,Вышитая ткань.
40,12,,?,,Арджиман,К.-Ш,Иногда встречается в карабахских коврах и в ковре «Шахназарли».
41,1,,Нар,Гранат,Ширван,К.-Ш,"Можно предполагать, что это разрезанный гранат."
41,2,,Ширни,Леденец,Карабах,Кар.,
41,3,,Ширни,Леденец,Карабах,Кар.,
41,4,,Улдузлу,Звездный,Ширван,К.-Ш,
41,5,,Беюк,хал Большое пятно,Биджо,К.-Ш,
41,6,,Ичигыйнаг,Узор с крючками,Куба,К.-Ш,
42,1,,Чорек,Чурек,Казах,Г.-К,Напоминает форму сдобного хлебца.
42,2,,Нишан,Значок,Пиребедиль,К.-Ш,
42,3,,?,,Казах,Г.-К,Встречается также в ковре «Кюрд»
42,4,,?,,Карабах,Кар.,Встречается в древнегреческом архитектурном декоре.
42,5,,Кәлбетин,Щипцы,Ширван,К.-Ш,Называется также «железными щипцами».
42,6,,Гошабуйнуз,Рога,Казах,Г.-К,Называется также «гошагуйрум»
43,1,,Кашы,Майолика Гадим,минарэ,К.-Ш,Взят из узора глазурованного кирпича.
43,2,,Няльбеки,Блюдце,Карабах,Кар.,Напоминает серебряную посуду.
43,3,,Бафталыгюль,Цветок с галунами,Карабах,Кар.,Взят из орнамента галунов.
43,4,,Джейнамаз,Молитвенная салфетка,Карабах,Кар.,
43,5,,Джутбуйнуз,Рога,Казах,Г.-К,Называют также «гоша гуйрум».
44,1,,Гюзгю,Зеркало,Ханлыг,Кар.,По форме напоминает серебряные карабахские зеркала.
44,2,,Кюпа,Большой кувшин,Ханлыг,Кар.,
44,3,,Керпич,Кирпич,Куба,К.-Ш,Взят с формы глазурованного кирпича.
44,4,,Тендир,Печь для хлеба,Казах,Г.-К,
44,5,,Гуту,Коробочка,Ханлыг,Кар.,Напоминает форму серебр. коробочки.
44,6,,Фыр-фыра,Юла,Сараб,Теб.,
44,7,,Наггаш,Тонкий узор,Карабах,Кар.,
44,8,,Бешик,Люлька,Казах,Г.-К,
44,9,,Елкен,Парус,Бакы,К.-Ш,
44,10,,?,,Фахралы,Г.-К,
44,11,,?,,Мугань,Кар.,
45,1,,Дамга,Клеймо,Карабах,Кар.,"Вероятно, это изображение начала медальона"
45,2,,Фыр,Юла,Ширван,К.-Ш,
45,3,,Чирах,Свеча,Ширван,К.-Ш,Напоминает висячую лампу.
45,4,,Лозу,Ромб,Карабах,Кар.,Встречается также в коврах ширванской группы.
45,5,,Юйрук,Люлька,Гашед,К.-Ш,"Носит символический характер (символ мечты, желания)."
45,6,,Лозу,Ромб,Карабах,Кар.,
45,7,,?,,Кобыстан,К.-Ш,Встречается также в карабахской группе.
45,8,,Дамга,Клеймо,Ширван,К.-Ш,
46,1,,Хал,Пятно,Гянджа,Г.-К,
46,2,,Кашыкерпич,Глазурованный кирпич,Куба,К.-Ш,Майоличное украшение.
46,3,,Дамга,Клеймо,Фахралы,Г.-К,
46,4,,Секкизбуджаг,Восьмиугольник,Конахкенд,К.-Ш,
46,5,,Гез,Глаз,Гянджа,Г.-К,"Видимо, это изображение монеты."
46,6,,Дюйме,Пуговица,Куба,К.-Ш,
46,7,,?,,Куба,К.-Ш,
46,8,,Мисмар,Гвоздь,Карабах,Кар.,"Этот элемент встречается в коврах типа Куба-Ширван (см. таб. 46, рис. 2)."
46,9,,?,,Гырыз,К.-Ш,
46,10,,Кашы,Майолика,Ширван,К.-Ш,
46,11,,Кашы,Майолика,Куба,К.-Ш,
46,12,,Кашы,Майолика,Ширван,К.-Ш,
46,13,,Керпич,Кирпич,Казах,Г.-К,Напоминает форму глазурованного кирпича.
46,14,,?,,Карабах,Кар.,
46,15,,Габ,Посуда,Караязы,Г.-К,
47,1,,Кармахлы,дамга Крючкообразное клеймо Казах Г.-К Этот элемент называют также,«гуйрум»,—,«вьющийся».
47,2,,Хелбир,Сито,Лемберан,Кар.,
47,3,,Алмакашы,Майоликовое яблоко,Чуханлы,К.-Ш,
47,4,,?,,Казах,Г.-К,
47,5,,Габир,Могила,Салахлы,Г.-К,"См. таб. 15, рис. 5."
47,6,,Гошакаман,Пара луков,Мугань,Кар.,
48,1,,Кока,Колобок,Каражоюнлу,Кар.,Встречается в коврах Караджадага (Иранский Азербайджан).
48,2,,Гюзгю,Зеркало Гянджа Г.-К Трехстворчатое,зеркало,—,трельяж.
48,3,,Тагалаг,Часть веретена,Ширван,К.-Ш,
48,4,,?,,Пиребедиль,К.-Ш,
48,5,,Дордтохмаг,Четыре пики,Ширван,К.-Ш,
48,6,,Гуйрум,Завиток,Фахралы,Г.-К,
48,7,,?,,Караязы,Г.-К,
48,8,,Улдуз,Звезда,Казах,Г.-К,Этот элемент называется «баглы улдуз» т. е. «замкнутая звезда».
48,9,,?,,Чичи,К.-Ш,
49,1,,Ягдан,Масленка,Куба,К.-Ш,
49,2,,Пул,Монета Кохна,Куба,К.-Ш,Напоминает золотые пуговицы.
49,3,,Гыйнаг,Коготь,Бакы,К.-Ш,
49,4,,Кашы,Глазурованный кирпич Гадим,минарэ,К.-Ш,
49,5,,Улдуз,Звезда,Ширван,К.-Ш,"Предполагается, что это символ четырех времен года и двенадцати месяцев."
50,1,,Тилов,Удочка,Бакы,К.-Ш,"Элементы формы «S» являются признаком воды, источника."
50,2,,Гармаг,Крючок,Бакы,К.-Ш,
50,3,,Гармаг,Крючок,Бакы,К.-Ш,Характерен и для ковров Малой Азии.
50,4,,Гайнаг,Коготь,Гаджигаиб,К.-Ш,
50,5,,Ченгель,Крюк,Кедабек,Г.-К,
50,6,,Дырнаглы,Коготь,Ширван,К.-Ш,Напоминает древнегреческие мотивы.
50,7,,Бэзэк,Узор,Конахкенд,К.-Ш,
50,8,,Алчагюлю,Цветок алычы,Чичи,К.-Ш,Этот мотив является основным элементом ковра «Алчагюльчичи».
50,9,,Кохнанахыш,Старый узор Мугань Кар. Термин,«кохнанахыш»,—,«старый узор» свидетельствует о древнем происхождении крючкообразных элементов.
50,10,,?,,Казах,Г.-К,
50,11,,?,,Зейва,К.-Ш,
51,1,,Джутбуйнуз,Рога,Казах,Г.-К,
51,2,,Буйнуз,Рог,Гырыз,К.-Ш,
51,3,,?,,Казах,Г.-К,
51,4,,Нишан,Мишень,Карабах,Кар.,
51,5,,Долама,Завиток,Ханкарванд,Кар.,
51,6,,Саллама,Висячка,Кедабек,Г.-К,
51,7,,Агадж,Дерево,Кедабек,Г.-К,
51,8,,Херченг,Рак Гянджа Г.-К Этот элемент также называется,«алтычахмаг»,—,«шестикрючковый»
52,1,,?,,Гырыз,К.-Ш,
52,2,,?,,Казах,Г.-К,Напоминает изображение насекомого.
52,3,,Чохааг,Многоножка,Куба,К.-Ш,
52,4,,Гармахлы,Крючковатый,Казах,Г.-К,
52,5,,Гыврым,Завиток,Ширван,К.-Ш,
52,6,,?,,Фындыган,К.-Ш,Это изображение рогов.
52,7,,?,,Фахралы,Г.-К,
52,8,,Гармахлы,Крючковатый,Кюрд,Кар.,
52,9,,Бала,гыврым Маленький завиток,Алиханлы,К.-Ш,
52,10,,Гыврым,Завиток,Ширван,К.-Ш,
53,1,,?,,Ширван-араб,К.-Ш,
53,2,,?,,Набур,К.-Ш,
53,3,,Килимгюлю,Килимовый цветок,Сальян,К.-Ш,Встречается также в чехословацких коврах.
53,4,,Джинджилим,Звездчатка,Гасымушагы,Кар.,
53,5,,?,,Гянджа,Г.-К,
53,6,,Гыврым,Завиток,Куба,К.-Ш,
54,1,,Кюпа,Большой кувшин,Гаджигаиб,К.-Ш,
54,2,,Буйнуз,Рог Карабах Кар. Также называется,«гошабуйнуз»,—,«парные рога».
54,3,,?,,Казах,Г.-К,Напоминает рога
54,4,,Бага,Черепаха,Сураханы,К.-Ш,
54,5,,?,,Карачоп,Г.-К,Встречается в народном творчестве Грузии.
54,6,,?,,Ширван,К.-Ш,Встречается и в коврах Казаха.
54,7,,Демир,Железо,Караязы,Г.-К,"По-видимому, это музыкальный инструмент."
55,1,,Гыврым,Завиток,Ширван,К.-Ш,
55,2,,Гыврым,Завиток,Сальян,К.-Ш,
55,3,,Кердекбашы,?,Мафраш,Кар.,Изображает свадебную ширму.
55,4,,Хейван,Животное,Казах,Г.-К,
55,5,,Гыврым,Завиток,Гянджа,Г.-К,
56,1,,Чорекгюлю,Хлебный узор,Казах,Г.-К,Это изображение рогов встречается на хлебе.
56,2,,Котан,Плуг,Фахралы,Г.-К,
56,3,,Хейван,Животное,Казах,Г.-К,
56,4,,Дишли,пере ?,Ширван,К.-Ш,
56,5,,Пушгу,Ручная пила,Гасымушагы,Кар.,
57,1,,Мангал,Жаровня,Фахралы,Г.-К,
57,2,,?,,Ширван,К.-Ш,
57,3,,?,,Ширван,К.-Ш,
57,4,,Агадж,Дерево,Карачоп,Г.-К,
57,5,,Салхым,Гроздь,Гырыз,К.-Ш,Называется также лесным цветком. В Европе этот элемент называют «акантом».
57,6,,Шамдан,Подсвечник,Карачоп,Г.-К,Характерен для муганских ковров.
58,1,,Агадж,Дерево,Сальян,К.-Ш,
58,2,,Салхым,Гроздь,Сальян,К.-Ш,
58,3,,Чираг,Светильник,Сальян,К.-Ш,Применяется в виде основного элемента в ковре «Гырыз».
58,4,,Салхым,Гроздь,Сальян,К.-Ш,Применяется в виде основного элемента в ковре «Гырыз».
59,1,,Ортук,Покрывало,Сор-сор,К.-Ш,Это сложная форма крючкообразных элементов.
59,2,,Ортук,Покрывало,Ширван,К.-Ш,
60,1,,?,,Кабала-Каладжик,К.-Ш,"По-видимому, это наконечник стрелы."
60,2,,Шамдан,Подсвечник,Гырыз,К.-Ш,Наблюдается в безворсных коврах Индии.
60,3,,?,,Пиребедиль,К.-Ш,
60,4,,Килимгюлю,Килимовый цветок,Гаджигаиб,К.-Ш,Один из основных элементов ковра «Гаджигаиб».
60,5,,?,,Биджо,К.-Ш,
60,6,,Саллама,Висящий,Куба,К.-Ш,Встречается и в дагестанских коврах.
61,1,,Тая,Стог,Пиребедиль,К.-Ш,
61,2,,?,,Гянджа,Г.-К,
61,3,,Гюльдан,Цветочная ваза Кохна,Куба,К.-Ш,
61,4,,?,,Пиребедиль,К.-Ш,См. элемент № 1 этой таблицы.
61,5,,?,,Карабах,Кар.,
62,1,,?,,Сальян,К.-Ш,
62,2,,Камандар,"Человек, хранящий лук и стрелы",Арсалан,К.-Ш,
62,3,,Махаджар,Балконная решетка,?,Г.-К,
62,4,,Ядалли,гюль Чужеземный цветок,Ширван-араб,К.-Ш,"Напоминает элемент кубинского ковра «Гаджигаиб» (таб. 60, рис. 4)."
63,1,,Гюль,Цветок,Куба,К.-Ш,
63,2,,Мейм,Лоза виноградная,Герат-Пиребедиль,К.-Ш,
63,3,,Зыг,?,Куба,К.-Ш,Это изображение шпината.
63,4,,Таханг,Лоза виноградная,Угах,К.-Ш,Встречается в серединной кайме композиции «Гадим минарэ».
63,5,,?,,Кабала,К.-Ш,
63,6,,Ярпаг,Лист,Куба,К.-Ш,Напоминает виноградный лист.
64,1,,Чапар,Изгородь Малыбейли Кар. Напоминает деревянную подставку для,книги,—,рахиль.
64,2,,Чапар,Изгородь,Малыбейли,Кар.,Напоминает форму оджага.
64,3,,Чапар,Изгородь,Малыбейли,Кар.,
64,4,,Гоз,Орех Гадим,минарэ,К.-Ш,Напоминает лист винограда.
64,5,,Дараг,Гребень,Куба,К.-Ш,
64,6,,?,,Пиребедиль,К.-Ш,По-видимому это изображение кукурузы.
64,7,,Шана,Гребень,Куба,К.-Ш,
64,8,,?,,Ерфи,К.-Ш,
64,9,,Мишар,Пила,Куба,К.-Ш,Иначе называют «колючкой».
64,10,,Елпик,Веер Гадим,минарэ,К.-Ш,
65,1,,Алмагюлю,Яблоневый цветок,Куба,К.-Ш,В Карабахе этот элемент называется «кошачьей лапой».
65,2,,Алмагюлю,Яблоневый цветок,Алиханлы,К.-Ш,
65,3,,Чичек,Цветок,Алпан,К.-Ш,
65,4,,Алмагюлю,Яблоневый цветок,Ширван,К.-Ш,Этот элемент также называется «кошачьей лапой».
65,5,,Чичек,Цветок,Карабах,Кар.,
65,6,,Алма,Яблоко,Алиханлы,К.-Ш,
65,7,,Гюль,Цветок,Гянджа,Г.-К,
65,8,,Чичек,Цветок,Мугань,Кар.,Шестилепестковые круглые элементы встречаются очень редко.
65,9,,Чичек,Цветок,?,Кар.,
65,10,,Чичек,Цветок,?,Кар.,
65,11,,Алма,Яблоко,Конахкенд,К.-Ш,
65,12,,Гюль,Цветок,?,Кар.,
65,13,,Хайвагюлю,Цветок айвы,Казах,Г.-К,
65,14,,Нар,Гранат,Казах,Г.-К,Напоминает форму разрезанного граната.
65,15,,Алма,Яблоко,Чичи,К.-Ш,
65,16,,Гогал,Пряник,Фындыган,К.-Ш,
65,17,,Занбаггюлю,Касатик,?,Кар.,
65,18,,?,,Набур,К.-Ш,
66,1,,Алма,Яблоко,Куба,К.-Ш,
66,2,,Алма,Яблоко,Куба,К.-Ш,
66,3,,Нялбекигюль,Цветочек-блюдечко,Караюнлу,Кар.,
66,4,,Таханг,ярпагы Виноградный лист,Казах,Г.-К,
66,5,,Алма,Яблоко,Куба,К.-Ш,
66,6,,Алма,Яблоко,Ширван,К.-Ш,
66,7,,Хейва,Айва,Фындыган,К.-Ш,
66,8,,Алма,Яблоко,Биджо,К.-Ш,
66,9,,?,,Шахназарли,К.-Ш,
66,10,,Алма,Яблоко,Пиргасанлы,К.-Ш,
67,1,,Алма,Яблоко,Афурджа,К.-Ш,Этот элемент называют «рыбьим ухом».
67,2,,Алма,Яблоко,Куба,К.-Ш,Встреч. и в казахских коврах.
67,3,,Гогал,Пряник,Хилаафшан,К.-Ш,
67,4,,Кичик,гель Малый медальон,Конахкенд,К.-Ш,
67,5,,Гогал,Пряник Хилаафшан К.-Ш Встречается в карабахском ковре «Годжа» под названием,«кока»,—,пряник.
67,6,,?,,Гараджа,Теб.,
67,7,,?,,Гараджа,Теб.,
67,8,,Таханг,ярпагы Виноградный лист,Шихлы,Г.-К,
67,9,,Алма,Яблоко,Ширван,К.-Ш,
68,1,,Ылдыз,Звезда,Ханлыг,Кар.,
68,2,,Илдыз,Звезда,Казах,Г.-К,
68,3,,Алма,Яблоко,Куба,К.-Ш,
68,4,,Чарх,Колесо,Зейва,К.-Ш,
68,5,,?,,Хила-Сураханы,К.-Ш,
68,6,,Гюзгю,Зеркало,Гараязы,Г.-К,
68,7,,Ылдыз,Звезда,Карабах,Кар.,
68,8,,Нялбеки,Блюдечко,Балыг,Кар.,
68,9,,Илдыз,Звезда,Хан-Карабах,Кар.,
68,10,,Тагалах,Часть прялки,Карабах,Кар.,
69,1,,Илдыз,Звезда,Конахкенд,К.-Ш,
69,2,,Нялбекигюль,Цветок-блюдечко,Нялбекигюль,Кар.,
69,3,,Илдыз,Звезда,Казах,Г.-К,
69,4,,Илдыз,Звезда,Самух,Г.-К,
69,5,,Илдыз,Звезда,Хилаафшан,К.-Ш,
70,1,,Дуюн,Узел,Хилабута,К.-Ш,В старину в народе узел являлся признаком колдовства.
70,2,,Дарагджик,Гребешочек,Фахралы,Г.-К,
70,3,,?,,Куба,К.-Ш,
70,4,,?,,Куба,К.-Ш,
70,5,,?,,Куба,К.-Ш,
70,6,,?,,Заглы,К.-Ш,
70,7,,Дамга,Клеймо,Куба,К.-Ш,Встречается в орнаменте русских полотенец.
70,8,,?,,Конахкенд,К.-Ш,
70,9,,?,,Конахкенд,К.-Ш,
70,10,,?,,Заглы,К.-Ш,
70,11,,Каман,Лук,Голлу-чичи,К.-Ш,
70,12,,?,,Куба,К.-Ш,
70,13,,Ченгель,Крюк,Казах,Г.-К,
70,14,,Сумахгюлю,Сумаховый цветок,Куба,К.-Ш,
70,15,,?,,Казах,Г.-К,
70,16,,?,,Пиребедиль,К.-Ш,
70,17,,?,,Казах,Г.-К,
70,18,,Дамга,Клеймо,Карабах,Кар.,Встречается в армянских вышивках
70,19,,?,,Чичи,К.-Ш,
71,1,,?,,Куба,К.-Ш,
71,2,,?,,Ширван,К.-Ш,Напоминает парное изображение птицы.
71,3,,?,,Мугань,Кар.,Напоминает форму бобов.
71,4,,Базыбенд,Мужской браслет,Карабах,Кар.,Встречается в китайском и иранском орнаменте.
71,5,,?,,Карабах,Кар.,
71,6,,?,,Куба,К.-Ш,Встречается также в армянском орнаменте.
71,7,,Хогга,Атрибут фокусника,Ширван,К.-Ш,
71,8,,?,,Карабах,Кар.,
72,1,,?,,Казах,Г.-К,
72,2,,?,,Алпан,К.-Ш,
72,3,,Хач,Крест,Гянджа,Г.-К,
72,4,,?,,Ханкарванд,Кар.,Это растительный мотив.
72,5,,Пенджа,Кисть руки,Гянджа,Г.-К,Встречается в коврах-намазлыках.
72,6,,?,,Гырыз,К.-Ш,
73,1,,?,,Кюрд,Кар.,
73,2,,?,,Самух,Г.-К,Встречается в узоре украинских вышивок.
73,3,,?,,Самух,Г.-К,
73,4,,?,,Казах,Г.-К,
73,5,,?,,Ширалибек,К.-Ш,
74,1,,?,,Пиребедиль,К.-Ш,Взят из русских вышивок.
74,2,,?,,Ширван,К.-Ш,
74,3,,?,,Ширван,К.-Ш,
74,4,,?,,Карабах,Кар.,
74,5,,?,,Ширван,К.-Ш,Встречается также в коврах Казаха и Карабаха.
74,6,,Дамга,Клеймо,Пиребедиль,К.-Ш,
74,7,,?,,Казах,Г.-К,
74,8,,?,,Гырыз,К.-Ш,
74,9,,?,,Ханкарванд,Кар.,
74,10,,?,,Гянджа,Г.-К,
75,1,,Гейси,Абрикос,Хила-Сураханы,К.-Ш,Этот элемент называется также «шами».
75,2,,Будаг,Ветка,Фахралы,Г.-К,
75,3,,Хаманкоманчи,Просвирняк,Карабах,Кар.,
75,4,,Хаманкоманчи,Просвирняк,Карабах,Кар.,
75,5,,Чичек,Цветок,Ханлыг,Кар.,
75,6,,Чичек,Цветок,Карабах,Кар.,
75,7,,?,,Карабах,Кар.,
75,8,,?,,Балыг,Кар.,
75,9,,?,,Карабах,Кар.,
75,10,,Лалэ,Мак,Хан-Карабах,Кар.,
75,11,,Занбаг,Касатик,Хан-Карабах,Кар.,
75,12,,Гоза,Хлопковая коробочка,Хан-Карабах,Кар.,
75,13,,?,,Фахралы,Г.-К,
75,14,,Гоза,Хлопковая коробочка,Кобыстан,К.-Ш,
75,15,,Махмаригюль,Бархатный цветок,Хан-Карабах,Кар.,
75,16,,Ярпаг,Листочек,Хан-Карабах,Кар.,
75,17,,Палыт,Дуб,Хан-Карабах,Кар.,
76,1,,Будаг,Веточка,Пиребедиль,К.-Ш,"Этот элемент встречается на клетчатой бумаге, в которую завертывали туалетное мыло, привозившееся из России в Азербайджан во 2-й пол. XIX в. и в нач. XX в."
76,2,,?,,Хан-Карабах,Кар.,
76,3,,Будагбашы,Верхушка ветки,Казах,Г.-К,
76,4,,Челоту,Степная трава,Ханлыг,Кар.,
76,5,,Чичек,Цветок,Годжа,Кар.,
76,6,,Гонча,Бутон,Карабах,Кар.,
76,7,,Ярпаг,Листочек,Казах,Г.-К,
76,8,,Гюль,Цветок,Ширван,К.-Ш,
76,9,,Гюль,Цветок,Ширван,К.-Ш,
76,10,,Челоту,Степная трава,Ширван,К.-Ш,
77,1,,Ярпаг,Листочек,Хилаафшан,К.-Ш,В Карабахе этот элемент называют «куриными ножками».
77,2,,Тоюгагты,Куриные ножки,Карабах,Кар.,Напоминает летящую птицу.
77,3,,Тоюгагты,Куриные ножки,Куба,К.-Ш,
77,4,,Бута,Бута,Хан-Карабах,Кар.,"Это слово означает «будаг», т. е. веточка."
77,5,,Чичек,Цветок,Хан-Карабах,Кар.,
77,6,,?,,Карабах,Кар.,
77,7,,Гоз,Орех,Хан-Карабах,Кар.,
77,8,,?,,Хан-Карабах,Кар.,
77,9,,Чичек,Цветок,Балыг,Кар.,Этот элемент встречается в иранском ковре «Фарахан».
77,10,,Мешагюлю,Лесной цветок,Карабах,Кар.,Встречается в узорах армянских вышивок по канве.
77,11,,Будаг,Веточка,Набур,К.-Ш,
77,12,,Тебриз,гюлю Цветок Тебриза,Карабах,Кар.,
78,1,,?,,Набур,К.-Ш,Напоминает дуб
78,2,,?,,Хан-Карабах,Кар.,Встречается в ковре «Херис» Тебризской группы.
78,3,,Ярпаг,Лист,Балыг,Кар.,
78,4,,Палыт,Дуб,Ширван,К.-Ш,
78,5,,Палыт,ярпагы Дубовый лист,Ширван,К.-Ш,
78,6,,Меша,гозу Лесной орех,Ширван,К.-Ш,
78,7,,Ярпаг,Лист,Ширван,К.-Ш,
78,8,,Бутаг,Веточка,Кобыстан,К.-Ш,Напоминает пугало.
79,1,,Узюм,Виноград,Мараза,К.-Ш,"Можно предположить, что это виноградный лист."
79,2,,Будаг,Веточка,Кобыстан,К.-Ш,
79,3,,Гоза,Хлопковая коробочка,Карабах,Кар.,
79,4,,Гоз,Орех,Кобыстан,К.-Ш,
79,5,,Шюкюфа,Расцветший бутон,Кобыстан,К.-Ш,
80,1,,Нар,Гранат,Кабала,К.-Ш,
80,2,,Наргюлю,Гранатов. цветок,Кабала,К.-Ш,
80,3,,Узюм,Виноград,Бакы,К.-Ш,
80,4,,Алма,Яблоко,Багчадагюллер,Кар.,Относится ко 2-й пол. XIX в.
80,5,,Нялкекигюль,Цветок-блюдечко,Нялкекигюль,Кар.,
80,6,,Шюкюфа,Расцветший бутон,Кобыстан,К.-Ш,
81,1,,Балыг,Рыба,Балыг,Кар.,"Некоторые специалисты принимают этот элемент за изображение рыбы. На самом деле это согнутый лист, который можно встретить на конце веточки (см. табл. 195 и 196)."
81,2,,Занбаг,Касатик,Ширван,К.—Ш,
81,3,,?,,Гараджа,Теб.,
81,4,,Балыг,Рыба,Герат-Пиребедиль,К.—Ш,См. примечание рисунка № 1 этой же таблицы.
81,5,,Балыг,Рыба,Герат-Пиребедиль,К.—Ш,См. примечание рисунка № 1 этой же таблицы.
82,1,,Будаг,Ветка,Фахралы,Г.—К,Взят из русских вышивок.
82,2,,?,,Хан-Карабах,Кар.,Встречается в ковре «Гиордас».
82,3,,Будаг,Ветка,Фахралы,Г.—К,
82,4,,Харибюльбюль,"Редкий цветок, растущий в горах Шуши",Ханлыг,Кар.,
82,5,,?,,Хан-Карабах,Кар.,
82,6,,Тебризгюлю,Цветок Тебриза,Хан-Карабах,Кар.,
82,7,,Палыт,Дуб,Нябекигюль,Кар.,
82,8,,?,,Хан-Карабах,Кар.,Встречается и в коврах «Херис» и «Гераван» Тебризской группы.
82,9,,Палыт,Дуб,Хан-Карабах,Кар.,
82,10,,Гызылгюль,Роза,Кабала,К.—Ш,
82,11,,?,,Хан-Карабах,Кар.,
82,12,,Фындыг-шабалыт,Орех-каштан,Кобыстан,К.—Ш,
83,1,,Лобя,Лоби,Балыг,Кар.,
83,2,,Гюнебахан,Подсолнух,Мараза,К.—Ш,
83,3,,Гоза,Хлопковая коробочка,Набур,К.—Ш,
83,4,,?,,Хан-Карабах,Кар.,Встречается в коврах «Гераван» и «Херис» Иранского Азербайджана.
83,5,,Джинджилим,Звездчатка,Годжа,Кар.,
83,6,,Наргюль,Гранатовый цветок,Ширван,К.—Ш,Встречается также в дагестанских коврах.
84,1,,Бутаг,,Ветка,К.—Ш,Напоминает китайские мотивы.
84,2,,?,,Мараза,К.—Ш,
84,3,,?,,Герат-Пиребедиль,К.—Ш,Круглый цветок.
84,4,,Махмаргюль,Бархатцы,Казах,Г.—К,Изредка встречается в коврах «Сараби» и «Зенджан» Иранского Азербайджана.
84,5,,Дастагюль,Букет,Кобыстан,К.—Ш,
85,1,,Палыт,Дуб,Хан-Карабах,Кар.,
85,2,,Сарыгюль,Желтый цветок,Фахралы,Г.—К,
85,3,,?,,Хан-Карабах,Кар.,Встречается также в коврах «Херис» и «Гераван».
85,4,,Нар,Гранат,Кабала,К.—Ш,Это изображение яблока.
85,5,,Гызылгюль,Роза,Балыг,Кар.,Встречается в карабахском ковре «Годжа» XVI в.
85,6,,Гюль,Цветок,Ширван,К.—Ш,
85,7,,Гаргыдалы,Кукуруза,Ханлыг,Кар.,
85,8,,Гушаппейи,Пастушья сумка,Дарянур,Кар.,Этот элемент встречается и в турецких коврах.
85,9,,Бутах,Ветка,Казах,Г.—К,
85,10,,Ярнаг,Лист,Хан-Карабах,Кар.,
85,11,,Эвелик,Щавель,Хан-Карабах,Кар.,
85,12,,Гюль,Цветок,Хан-Карабах,Кар.,
86,1,,Гюлябетин,Канитель,Ширван,К.—Ш,Это искаженный растительный мотив встречается и в коврах Казаха.
86,2,,?,,Герат-Пиребедиль,К.—Ш,Это искаженное изображение касатика.
86,3,,Няпбекигюль,Цветочек-блюдечко,Няпбекигюль,Кар.,
86,4,,Няпбекигюль,Цветочек-блюдечко,Няпбекигюль,Кар.,
86,5,,Тиканлы,Колючковатый,Мугань,Кар.,"Встречается в изображениях посуды, найденной в Мингечауре."
87,1,,?,,Балыг,Кар.,Встречается в коврах Афганистана.
87,2,,Урусу,Русский узор,Герат-Пиребедиль,К.-Ш,Ковроткачи называют этот ковер «Россией».
87,3,,Наргюль,Гранатовый цветок,Хан-Карабах,Кар.,
87,4,,Занбаггюль,Касатик,Нилбекигюль,Кар.,Искаженное изображение касатика.
87,5,,?,,Ханлыг,Кар.,Этот сильно стилизованный элемент встречается и в ковре «Пиребедиль».
88,1,,Наргюль,Гранатовый цветок,Хан-Карабах,Кар.,
88,2,,?,,Хан-Карабах,,
88,3,,Занбаггюлю,Касатик,Годжа,Кар.,
88,4,,Бораны,,Тыква,Кар.,Встречается в кубинском ковре XVII в.
88,5,,Занбаг,Касатик,Хилаафшан,К.-Ш,
89,1,,Ярпаг,Лист,Лячектурундж,Теб.,"Элементы, данные в табл. № 89-95 можно встретить в азербайджанской архитектуре, а также и в других видах народного искусства."
89,2,,Ярпаг,Лист,Лячектурундж,Теб.,Можно встретить также в карабахских коврах.
89,3,,Ярпаг,Лист,Херис,Теб.,
89,4,,Ярпаг,Лист,Сараб,Теб.,
89,5,,Ярпаг,Лист,Херис,Теб.,
89,6,,Ярпаг,Лист,Афшан,Теб.,Вид листа спереди.
89,7,,Ярпаг,Лист,Шахаббаси,Теб.,Этот лист встречается в конце спиралевидных веток.
89,8,,Ярпаг,Лист,Афшан,Теб.,Вид листа спереди.
90,1,,Истот,Перец,Афшан,Теб.,
90,2,,Гилас,Черешня,Афшан,Теб.,
90,3,,Бибар,Перец,Афшан,Теб.,
90,4,,Йонджа,Люцерна,Шахаббаси,Теб.,Можно встретить и в карабахских коврах.
90,5,,Гюль,Цветок,Ханлыг,Кар.,
90,6,,Лалэ,Мак,Агаджлы,Теб.,В Карабахе его называют «пилягюль» т. е. «цветок-пиала».
90,7,,?,,Агаджлы,Теб.,
90,8,,?,,Афшан,Теб.,
90,9,,?,,Зенджан,Теб.,
90,10,,Блут,Дуб,Агаджлы,Теб.,
90,11,,?,,Херис,Теб.,
90,12,,Йонджа,Люцерна,Афшан,Теб.,
90,13,,Гюлабгюлю,Роза Шейх,Сефи,Теб.,
90,14,,Блут,Дуб,Лячектурундж,Теб.,
90,15,,Лобя,ярпагы Бобовый лист,Лампа,Теб.,
90,16,,?,,Тебриз,Теб.,
90,17,,Йонджа,Люцерна,Бахшайиш,Теб.,
90,18,,?,,Бахшайиш,Теб.,
90,19,,Лалэ,Мак,Агаджлы,Теб.,
91,1,,?,,Гераван,Теб.,
91,2,,Бешбармаг,Пятипалый,Тебриз,Теб.,Пятилепестковое растение.
91,3,,Гюль,Цветок,Агаджлы,Теб.,В Карабахе называют его «желтым цветком».
91,4,,?,,Ардебиль,Теб.,
91,5,,Занбаг,Касатик,Зенджан,Теб.,
91,6,,?,,Лячектурундж,Теб.,
91,7,,Гюль,Цветок,Афшан,Теб.,
91,8,,?,,Афшан,Теб.,
91,9,,Гюлабгюлю,Роза Шейх,Сефи,Теб.,
91,10,,Афшангюлю,Цветок-Афшан,Афшан,Теб.,Наименование орнаментальной композиции. Этот элемент можно встретить и в карабахском ковре «Годжа».
91,11,,Гюль,Цветок,Ханлык,Кар.,Встречается и в коврах Ширвана.
92,1,,?,,Ханлык,Кар.,Встречается и в ковре «Шахаббаси».
92,2,,Занбагы,Касатик,Херис,Теб.,
92,3,,?,,Херис,Теб.,
92,4,,?,,Гераван,Теб.,
92,5,,?,,Салахлы,Г.—К,
92,6,,?,,Лячектурундж,Теб.,Встречается и в карабахских коврах.
93,1,,Чичек,Цветок,Агаджлы,Теб.,
93,2,,Занбаг,Касатик,Гераван,Теб.,Встречается и в карабахских коврах.
93,3,,?,,Ачма-юмма,Кар.,
93,4,,Аггюль,Белый цветок,Афшан,Теб.,
93,5,,Шахə,Веточка,Шахаббаси,Теб.,
93,6,,?,,Бахшайиш,Теб.,
93,7,,?,,Зенджан,Теб.,
93,8,,?,,Херис,Теб.,
93,9,,?,,Лячектурундж,Теб.,
93,10,,?,,Лячектурундж,Теб.,Встречается в карабахских коврах XVI в.
93,11,,?,,Шахаббаси,Теб.,
93,12,,Занбаг,Касатик,Ачма-юмма,Кар.,
94,1,,?,,Афшан,Теб.,Встречается также в ковре Хилаафшан бакинской группы.
94,2,,?,,Афшан,Теб.,
94,3,,?,,Афшан,Теб.,
94,4,,?,,Херис,Теб.,
94,5,,Занбагы,Касатик,Афшан,Теб.,
94,6,,Занбагы,Касатик,Шахаббаси,Теб.,Встречается и в карабахских коврах.
95,1,,?,,Афшан,Теб.,
95,2,,?,,Тебриз,Теб.,
95,3,,?,,Тебриз,Теб.,
95,4,,?,,Шахаббаси,Теб.,
95,5,,Чинар,Тополь,Ачма-юмма,Теб.,
96,1,,Балабута,Бута малая,Ширван,К.—Ш,"По своей форме бута напоминает форму языка пламени. Весьма возможно, что это изображение носило у огнепоклонников символический характер."
96,2,,Бадамбута,Бута Миндаль,Ширван,К.—Ш,
96,3,,Гюлабданбута,,Бута-графин,Кар.,Встречается и в ширванских коврах.
96,4,,Джыггабута,Бута джыгга — ювелирное украшение,Мараза,К.—Ш,Этот вид буты в старину считался символом славы. Встречается также в узоре короны невесты и шелковых покрывал молодых женщин.
96,5,,Эйрибута,Кривая бута,Фахралы,Г.—К,
96,6,,Хемлибута,Бута беременная,Баки,К.—Ш,
96,7,,Ширванбута,Бута Ширван,Чуханлы,К.—Ш,
96,8,,Хемлибута,Бута беременная,Мугань,Кар.,Символ мечты.
96,9,,Ширванбута,Бута Ширван,Чуханлы,К.—Ш,
96,10,,Джыггабута,Бута-джыгга,Новханы,К.—Ш,
96,11,,Джыггабута,Бута-джыгга,Баки,К.—Ш,
97,1,,Гызылбута,Бута золотая Хила К.—Ш Этот элемент называют также «Бута-миндаль». Части этого элемента — маленькие,бута,—,неверно ткали вниз головой.
97,2,,Ширванбута,Бута Ширван,Мараза,К.—Ш,Этот элемент называют также «переплетенной бутой».
97,3,,Ширванбута,Бута-Ширван,Сор-сор,К.—Ш,
97,4,,Джыггабута,Бута-джыгга,Сураханы,К.—Ш,
97,5,,Джыггабута,Бута-джыгга,Хила,К.—Ш,Бакинские ковроткачи ввиду сложности их тканья называют эти элементы «превращающими девушку в старую деву».
97,6,,Готазлы,бута Бута с кисточкой,Карабах,Кар.,
98,1,,Ширванбута,Бута Ширван,Мараза,К.—Ш,
98,2,,Ширванбута,Бута Ширван,Чуханлы,К.—Ш,
98,3,,Чичекли,бута Бута с цветком Ширалибек К.—Ш Напоминает старинный музыкальный,инструмент,—,ченг.
98,4,,Готазлы,бута Бута с кисточкой,Джебраиль,Кар.,
99,1,,Чичекли,бута Бута с цветком,Хила,К.—Ш,
99,2,,Шабалытбута,Бута каштан,Шабалытбута,Кар.,Флакон для розовой воды.
99,3,,Кюсюлю,бута Бута поссорившиеся Фатмаи К.—Ш Встречается в индийских,тканях,—,тирьме.
99,4,,Гадим,бута Бута древняя,Сор-сор,К.—Ш,Напоминает элементы муганских ковров.
99,5,,Ширванбута,Бута Ширван,Чуханлы,К.—Ш,
99,6,,Гармаглы,бута Бута крючкообразная,Гасимушагы,Кар.,Взят из декора безворсных ковров.
100,1,,Бута,Бута,Баки,К.—Ш,Взят из декора зили
100,2,,Ширванбута,Бута Ширван,Мараза,К.—Ш,
100,3,,Готазлы,бута Бута с кисточкой,Хан-Карабах,Кар.,Встречается в коврах Хамадана.
101,1,,Балакетебә,Малая кетебә,Гаджигаиб,К.—Ш,"Слово «кетебә» происходит от слова «катиба», что означает фриз с монограммой."
101,2,,Балакетебә,Малая кетебә,Казах,Г.—К,
101,3,,Гармахлы,кетебә Кетебә крючкообразный,Ширван,К.—Ш,В Казахе называют «извилистый кетебә».
101,4,,Кетебә,Кетебә,Карабах,Кар.,
101,5,,Кетебә,Кетебә,Казах,Г.—К,
101,6,,Кетебә,"Кетебә Фахралы Г.—К Иногда называют «гяламданы кетебә», что означает —",«кетебә,—,пенал».
101,7,,Габир,Могила,Карабах,Кар.,
101,8,,Язылы,кетебә Кетебә с надписью,Фахралы,Г.—К,"Предполагается, что орнамент внутри кетебә является надписью."
102,1,,Балакетебә,Малая кетебә,Тебриз,Теб.,
102,2,,Кетебә,Кетебә,Караязы,Г.—К,
102,3,,?,,Фахралы,Г.—К,
102,4,,Котеб,Кетебә,Гырыз,К.—Ш,
102,5,,Бешик,Люлька,Гянджа,Г.—К,Этот элемент также называют могилой.
103,1,,Диваргюлю,Настенный цветок,Карабах,Кар.,Взят из настенных росписей.
103,2,,Кетебә,Кетебә,Гянджа,Г.—К,Напоминает форму круглого подноса.
103,3,,Кетебә,Кетебә,Фындыган,К.—Ш,
104,1,,Гейчи,Ножницы,Пиребедиль,К.—Ш,"Больше напоминает изображение рогов, символа доблести и силы. Встречается также на керамической посуде, найденной во время раскопок в Мингечауре."
104,2,,?,,Сиртчичи,К.—Ш,По местному выражению «сирт» означает «верх».
104,3,,Гейчи,Ножницы,Пиребедиль,К.—Ш,
104,4,,Гейчи,Ножницы,Пиребедиль,К.—Ш,
105,1,,Карагашлы,,,К.—Ш,"Возможно, что это голова птицы."
105,2,,Саджааг,Треножник,Хилаафшан,К.—Ш,
105,3,,Саджаяг,Треножник,Хилаафшан,К.—Ш,"Симметричное повторение этого элемента четыре раза крест-на-крест наз. «саджаяг» (см. табл. 228, рис. 2). Этот элемент, характерный для Сураханы и Хила и считающийся священным символом у огнепоклонников, является арабескою."
105,4,,?,,Кохня Куба К.—Ш Иногда «Кохня Куба» называют «Куба-шахар»,—,т. е. «Куба-город»
106,1,,Гюль,"Цветок Карагашлы К.—Ш Возможно это виноградный лист. Этот элемент встречается также в коврах «Шахназарли», «Моллакамаллы», в бакинском ковре «Хилаафшан» и",карабахском,—,"«Годжа», XVI в."
106,2,,Агчичек,Белый цветок,Годжа,Кар.,
106,3,,Бурма,Завиток,Гаджигаиб,К.—Ш,Напоминает мотивы китайского орнамента.
106,4,,Ярнаг,Лист,Хилаафшан,К.—Ш,Виноградный лист. Встречается и в коврах «Алиханлы» и «Пиребедиль».
106,5,,Гюль,Цветок,Хилаафшан,К.—Ш,См. примечание к рис. 1 этой же таблицы.
107,1,,Шебкенахыш,Узор шебеке,Ширван,К.—Ш,Называют также «платочек с цветами».
107,2,,Мешаярнагы,Лесное растение Гянджа и,Казах,Г.—К,Не характерен для азербайджанских ковров.
107,3,,Алагапы,Ворота,Мараза,К.—Ш,
107,4,,Мешаярнагы,Лесное растение Гянджа и,Казах,Г.—К,
108,1,,?,,Хан,К.—Ш,Встречается и в архитектурном декоре.
108,2,,Дестегюль,Букет,Мугань,Кар.,
108,3,,Гюльбутаг,Веточка с цветком,Кабала,К.—Ш,Некоторые специалисты неверно приписывают этот элемент к ковру «Дагестан».
108,4,,Бутаг,Ветка,Мугань,Кар.,
109,1,,Чайник,"Чайник Ханлыг Кар. Этот элемент, относящийся к средним векам, встречается в концах медальонов, а еще чаще в части серединной",каймы,—,«гарышняг». Название «чайник» получил в конце XIX в.
109,2,,?,,Мугань,Кар.,"Возможно, это женское украшение."
109,3,,Чалгы,Музыкальный инструмент,Ханкарванд,Кар.,
109,4,,?,,,Кар.,"Ввиду крайнего искажения рис. № 1 этой таблицы в последние века, автор дал его в восстановленном виде."
110,1,,Минаребашы,Купол,минарета,Кар.,Встречается в коврах Дагестана.
110,2,,?,,Кедабек,Г.—К,Изредка встречается в коврах Хамадана.
110,3,,Салмэ,Вьющийся,Салмесоюд,К.—Ш,"Напоминает геральдическое изображение двух птиц или животных. Встречается на посуде, найденной при раскопках старой Гянджи (XII в.)"
110,4,,?,,Ширван,К.—Ш,Видимо это изображение медальона.
110,5,,Чадыр,Шатер,Ерфи,К.—Ш,
110,6,,?,,Ширван,К.—Ш,"Парное изображение птицы, см. рис. 3 этой же таблицы."
111,1,,?,,Карабах,Кар.,Видимо это подставка для книги.
111,2,,Кисэ,Мешочек,Казах,Г.—К,"Напоминает мешочек, вышитый бисером."
111,3,,?,,Набур,К.—Ш,
111,4,,?,,Годжа,Кар.,Видимо это виноградный лист. Встречается в больших коврах-хали Карабаха XVI в.
112,1,,Кюндж,Угол,Биджо,К.—Ш,
112,2,,?,,Годжа,Кар.,Этот элемент относится к XVI—XVII вв.
112,3,,Гялинджехизи,Приданое невесты Кохня,Куба,К.—Ш,
113,1,,Гёль,Медальон,Карагашлы,К.—Ш,Некоторые специалисты считают его музыкальным инструментом.
113,2,,Хейванлапири,Животный след,Карабах,Кар.,Его называют также «верблюжьей лапой».
113,3,,Чарх,Колесо,Чичи,К.-Ш,
113,4,,?,,Гараджа,Теб.,
113,5,,Ярпаг,Лист,Ширван,К.-Ш,Встречается в коврах XVII в.
114,1,,?,,Кохна Куба,К.-Ш,Напоминает форму полу «кетебэ» (полумедальона).
114,2,,?,,Гаджигаиб,К.-Ш,
114,3,,?,,Фахралы,Г.-К,Эта правая часть мехраба в ковре намазлык.
115,1,,Ягдан,Масленка,Ширван,К.-Ш,
115,2,,Отайлы,,Карабах,Кар.,"В Карабахе азербайджанцев, проживающих по правобережью Аракса, называют «отайлы», что означает «с другого берега»."
115,3,,?,,Конахкенд,К.-Ш,Напоминает сельскохозяйственное орудие.
115,4,,Гюльдесте,Букет,Куба,К.-Ш,
115,5,,Мафраш,Мафраш,Казах,Г.-К,Ковровый мешок для перевозки клади.
116,1,,Туг,Хоругвь,Ширван,К.-Ш,Употребляется во время религиозных процессий.
116,2,,Букмэ,Свернутый,Биджо,К.-Ш,Встречается в ковре «Гашед».
116,3,,Тугбашы,Голова,Гымыл,К.-Ш,Возможно это является изображением светильника. Встречается также в карабахских коврах.
117,1,,Карпидж,Кирпич,Фахралы,Г.-К,Напоминает глазурованный кирпич.
117,2,,?,,Демирчилер,Г.-К,
117,3,,Дырнах,Ноготь,Карачоп,Г.-К,"Этот элемент называют также «гуйрум гель», т. е. извилистое озеро."
118,1,,Гель,Медальон,Пиребедиль,К.-Ш,
118,2,,Баш,Голова,Куба,К.-Ш,
119,1,,Кашы,Майолика Кохна,Куба,К.-Ш,
119,2,,?,,Салахлы,Г.-К,
120,1,,Тойбезейи,Свадебное украшение,Кобыстан,К.-Ш,
120,2,,Девелапири,Верблюжий след,Хилаафшан,К.-Ш,Его называют также «верблюжьей пяткой».
120,3,,Хонча,"Медальон Баки К.-Ш Это покрывало, которым накрывают",«хонча»,—,свадебное угощение.
121,1,,?,,Джек,К.-Ш,
121,2,,?,,Гянджа,Г.-К,
121,3,,Хонча,Медальон Кохна,Куба,К.-Ш,
122,1,,Сини,Круглый поднос,Годжа,Кар.,"Этот элемент, относящийся к XVI—XVII вв., встречается в измененном виде в ковре «Гаади» (XIX в.) бакинской группы."
122,2,,?,,Карабах,Кар.,
122,3,,Хонча,Медальон,Мугань,Кар.,
123,1,,?,,Карачоп,Г.-К,
123,2,,Геличи,Внутримедальонный элемент,Фындыган,К.-Ш,
124,1,,Кашы,Майолика,Куба,К.-Ш,
124,2,,Лапир,След,Конахкенд,К.-Ш,
124,3,,?,,Карачоп,Г.-К,
125,1,,?,,Куба,К.-Ш,
125,2,,Гель,Медальон,Зейва,К.-Ш,Этот элемент составляет основной фон композиции ковра «Зейва».
126,1,,Гель,Медальон,Шахназарли,К.-Ш,
126,2,,Казахча,,Казах,Г.-К,В Казахе маленькие коврики называются «казахча».
126,3,,Гель,Медальон Кохна,Куба,Г.-К,Этот медальон больше встречается в сумахах Дербента.
127,1,,Башлыг,Заставка,Даринур,Кар.,Встречается и в турецких коврах «Ушак».
127,2,,Тугбашы,Голова хоругви,Фахралы,Г.-К,
127,3,,Губна,Губна,Карабах,Кар.,
127,4,,?,,Гасымушагы,Кар.,Напоминает курятник или улей.
128,1,,Гендил,Подсвечник,Ханлыг,Кар.,Встречается и в ардебильском ковре «Шейх Сефи».
128,2,,?,,Арджиман,К.—Ш,Напоминает вид павлина спереди.
129,1,,Башлыг,Наконечник,Гарадаг,Теб.,
129,2,,Охбашы,Наконечник,Ханкарванд,Кар.,
129,3,,Хейкалбашы,Голова статуи,Лячектурундж,Теб.,
130,1,,«Сичандиши»,"Мышиные зубки Для всех См. табл. № 134, рис.",1.,,
130,2,,«Сичандиши»,Мышиные зубки Для,всех,Кар.,"См. табл. № 134, рис. 2."
130,3,,«Сичандиши»,Мышиные зубки,Зили-верни,К.—Ш,"См. табл. № 134, рис. 3."
130,4,,«Сичандиши»,Мышиные зубки Для всех,ковров,К.—Ш,"См. табл. № 134, рис. 6."
130,5,,«Сичандиши»,Мышиные зубки Зили,Баку,К.—Ш,"См. табл. № 134, рис. 8."
130,6,,«Сичандиши»,Мышиные зубки Ширван и,Куба,К.—Ш,"См. табл. № 134, рис. 5."
130,7,,«Сичандиши»,Мышиные зубки Ширван и,Куба,К.—Ш,"См. табл. № 134, рис. 10."
130,8,,«Сичандиши»,Мышиные зубки,Баку,К.—Ш,"См. табл. № 134, рис. 11."
130,9,,«Сичандиши»,Мышиные зубки,Гянджа-Казах,Г.-К,"См. табл. № 134, рис. 15."
130,10,,«Сичандиши»,Мышиные зубки,Зили,Кар.,"См. табл. № 134, рис. 19."
130,11,,Медахил,Внутрен. кайма,Гянджа,Г.-К,"См. табл. № 135, рис. 2."
130,12,,Медахил,Внутрен. кайма,Кабала,К.—Ш,"См. табл. № 135, рис. 7."
130,13,,Медахил,Внутрен. кайма,Баку,К.—Ш,"См. табл. № 135, рис. 9."
130,14,,Медахил,Внутрен. кайма Зили,Баку,К.—Ш,"См. табл. № 136, рис. 3."
130,15,,Медахил,Внутрен. кайма,Казах,Г.-К,"См. табл. № 136, рис. 7."
130,16,,Медахил,Внутрен. кайма,Пиребедиль,К.—Ш,"См. табл. № 136, рис. 9."
130,17,,Медахил,Внутрен. кайма,Карабах,Кар.,"См. табл. № 137, рис. 4."
130,18,,Медахил,Внутрен. кайма,Чичи,К.—Ш,"См. табл. № 137, рис. 7."
130,19,,Медахил,Внутрен. кайма,Куба,К.—Ш,"См. табл. № 137, рис. 8."
130,20,,Медахил,Внутрен. кайма,Карабах,Кар.,"См. табл. № 138, рис. 1."
130,21,,Медахил,Внутрен. кайма,Гянджа,Г.-К,"См. табл. № 138, рис. 2."
130,22,,Медахил,Внутрен. кайма,Баку,К.—Ш,"См. табл. № 138, рис. 3."
130,23,,Медахил,Внутрен. кайма,Ширван,К.—Ш,"См. табл. № 138, рис. 5."
130,24,,Медахил,Внутрен. кайма,Тебриз,Теб.,"См. табл. № 138, рис. 8."
130,25,,Зенджире,Галуны,Баку,К.—Ш,"См. табл. № 139, рис. 7."
131,1,,Зенджире,Галуны,Куба,К.—Ш,"См. табл. № 141, рис. 1."
131,2,,Зенджире,Галуны,Балыг,Кар.,"См. табл. № 141, рис. 2."
131,3,,Зенджире,Галуны,Балыг,Кар.,"См. табл. № 141, рис. 2."
131,4,,Зенджире,Галуны,Афшан,Теб.,"См. табл. № 141, рис. 3."
131,5,,Зенджире,Галуны,Биджо,К.—Ш,"См. табл. № 141, рис. 7."
131,6,,Бала,хашийе Малая кайма,Конахкенд,К.—Ш,"См. табл. № 142, рис. 2."
131,7,,Бала,хашийе Малая кайма,Кедабек,Г.-К,"См. табл. № 144, рис. 1."
131,8,,Бала,хашийе Малая кайма,Мараза,К.—Ш,"См. табл. № 144, рис. 5."
131,9,,Бала,хашийе Малая кайма,Мараза,К.—Ш,"См. табл. № 144, рис. 5."
131,10,,Бала,хашийе Малая кайма,Мараза,К.—Ш,"См. табл. № 144, рис. 6."
131,11,,Бала,хашийе Малая кайма,Баку,К.—Ш,"См. таблицу 140, рис. 6."
131,12,,Бала,хашийе Малая кайма,Мараза,К.—Ш,"См. таблицу 146, рис. 2."
131,13,,Бала,хашийе Малая кайма Зейва и,Чичи,К.—Ш,"См. таблицу 1, рис. 3."
131,14,,Бала,хашийе Малая кайма,Губа,К.—Ш,"См. таблицу 140, рис. 6."
131,15,,Бала,хашийе Малая кайма Чичи,К.,-,"Ш См. таблицу 147, рис. 2."
131,16,,Бала,хашийе Малая кайма Баку,К.,-,"Ш См. таблицу 148, рис. 6."
131,17,,Ара,хашийе Серединная кайма Баку,К.,-,"Ш См. таблицу 148, рис. 1."
131,18,,Ара,хашийе Серединная кайма Ширалибек,К.,-,"Ш См. таблицу 150, рис. 2."
131,19,,Ара,хашийе Серединная кайма Ширван,К.,-,"Ш См. таблицу 150, рис. 3."
131,26,,Зенджире,Галуны,Карабах,Кар.,"См. табл. № 140, рис. 3."
132,1,,Ара,хашийе Серединная кайма,К.,-,"Ш См. таблицу 155, рис. 3."
132,2,,Ара,хашийе Серединная кайма Ширван,К.,-,"Ш См. таблицу 155, рис. 4."
132,3,,Ара,хашийе Серединная,кайма,Кар.,"См. таблицу 149, рис. 1."
132,4,,Ара,хашийе Серединная,кайма,Кар.,"См. таблицу 149, рис. 1."
132,5,,Ара,хашийе Серединная кайма Салмесоюд,К.,-,"Ш См. таблицу 149, рис. 2."
132,6,,Ара,хашийе Серединная кайма Баку,К.,-,"Ш См. таблицу 149, рис. 3."
132,7,,Ара,хашийе Серединная кайма Казах,Г.,-,"К См. таблицу 149, рис. 4."
132,8,,Ара,хашийе Серединная кайма Казах,Г.,-,"К См. таблицу 151, рис. 6."
132,9,,Ара,хашийе Серединная кайма Карачоп,Г.,-,"К См. таблицу 156, рис. 6."
132,10,,Ара,хашийе Серединная кайма Для бакинских ковров,К.,-,"Ш См. таблицу 154, рис. 2."
132,11,,Ара,хашийе Серединная кайма Для бакинских ковров,К.,-,"Ш См. таблицу 154, рис. 2."
132,12,,Ара,хашийе Серединная кайма Для бакинских ковров,К.,-,"Ш См. таблицу 154, рис. 2."
132,13,,Ара,хашийе Серединная кайма Для бакинских ковров,К.,-,"Ш См. таблицу 154, рис. 2."
132,14,,Ара,хашийе Серединная кайма Для бакинских ковров,К.,-,"Ш См. таблицу 154, рис. 2."
132,15,,Ара,хашийе Серединная кайма Для кубинских ковров,К.,-,"Ш См. таблицу 152, рис. 4."
132,16,,Ара,хашийе Серединная кайма Ширван,К.,-,"Ш См. таблицу 153, рис. 5."
133,1,,Тексу,Одиночное «су» Встречается во всех,коврах.,,
133,2,,Ичли,су Обведенная линия Встречается во всех,коврах.,,
133,3,,Гошауч,Парные обведенные линии Баку,К.,-,Ш Встречается большей частью в бакинских коврах.
133,4,,Чохзолаг,Многополосный Ширван,К.,-,Ш Изредка встречается в карабахских коврах.
133,5,,Гошасу,Парные линии Баку,К.,-,Ш Встречается изредка в карабахских коврах.
133,6,,Джут-гоша,сулар Парные двойные линии Баку,К.,-,Ш Изредка встречается в карабахских коврах.
133,7,,Энли,су Широкая линия Большею частью встречается в паласах и,килимах.,,
133,8,,Кохнасу,Старая линия,Казах-Карабах,Кар.,
133,9,,Кохнасу,Старая линия,Казах-Карабах,Кар.,
133,10,,Кесмесу,Пунктирная линия Казах-Карабах Кар. Больше встречается в безворсных,коврах,—,верни и зили.
134,1,,Джуджуозу,Глаз цыпленка Ширван и Куба,К.,—,Ш
134,2,,Тахтамужа,Деревянные ресницы Для всех азерб.,ковр.,-,
134,3,,Зенджир,Цепочка Для всех азерб.,ковр.,-,
134,4,,Сичандиши,Мышиные,зубки,Кар.,
134,5,,Бурма,Завиток,К.,—,Ш
134,6,,Мунджук,Бусы,Гянджа-Карабах,Кар.,Изредка встречается в карабахских коврах.
134,7,,Сичандиши,Мышиные зубки Для всех азерб.,ковр.,,
134,8,,Мужалар,Ресницы Баку К. — Ш Этот узор иногда называют,«гарагез»,—,«черным глазом».
134,9,,Карагез,Черный глаз,Джебраиль,Кар.,
134,10,,Бурма,Завиток Баку и Куба,К.,—,Ш
134,11,,Бурма,Завиток Кобыстан,К.,—,Ш Типичен для карабахских ковриков «кенара».
134,12,,Бурма,Завиток Ширван,К.,—,Ш
134,13,,Бурма,Завиток Для безворсных,ковров,Кар.,
134,14,,?,,Для безворсных ковров,,
134,15,,Питик,"Черточка Для всех азерб. ковров В Карабахе называют «гердек габагы», т. е. узор на",занавеси.,,
134,16,,Гошапитик,Две черточки Для всех азерб.,ковров,,
134,17,,Таггабагы,Узор занавесочный Для безворсных,ковров,,
134,18,,Диш-диш,Зубчатый Гянджа-Казах,Г.,—,К Иногда называют «лошадиным языком».
134,19,,Зенджир,Цепочка Для безворсных,ковров,,
134,20,,Дилик,Зубчатый Для безворсных ковров Встречается в карабахских,коврах.,,
135,1,,Сыгыр,сидийи След мочи молодого животного Гянджа,Г.,—,"К Этот «медахил» взят из греческого архитектурного декора, иногда его считают изображением протекающего ручейка."
135,2,,Бурма,Завиток Гянджа,Г.,—,К В Казахе называют «бурум».
135,3,,Гошагыйнаг,Парные когти Баку,К.,—,Ш Больше встречается в безворсных коврах «зили».
135,4,,Тило,Крючек Хилаафшан,К.,—,Ш
135,5,,Хаманкоманчи,Просвирняк,Карабах,Кар.,
135,6,,Бутаклы,Веточка Зейва,К.,—,Ш
135,7,,Зенджир,Цепочка,К.,—,Ш
135,8,,?,,Чичи К.,—,Ш Напоминает форму браслета.
135,9,,Илдырым,Молния Баку,К.,—,Ш
136,1,,Саллама,Висячий Фахралы,Г.,—,К
136,2,,Питик,Черточка Гаджигаиб,К.,—,Ш
136,3,,Зенджир,Цепочка Баку К. — Ш Встречается в безворсных,коврах,—,зили.
136,4,,?,,Ширван К.,—,Ш Напоминает бордюр ковров Белуджистана.
136,5,,Гарагез,Черный глаз,Губатлы,Кар.,
136,6,,?,,Казах Г.,—,К
136,7,,Пилек,Пуговица Казах,Г.,—,К
136,8,,Долама,Завиток Казах,Г.,—,"К Встречается в фаянсовой посуде, найденной в Мингечауре."
136,9,,Долама,Завиток Пиребедиль,К.,—,Ш
137,1,,?,,Зейва К.,—,Ш
137,2,,Диликлы,Зубчатый Шихлы,Г.,—,"К Встречается в предметах украшения, найденных в Мингечауре. (6—1 вв. до н. э.)."
137,3,,Пушгу,,Пила,Кар.,Напоминает мотивы греческого архитектурного орнамента.
137,4,,Пушгу,,Пила,Кар.,
137,5,,Казах,,Г.,—,К
137,6,,Хейван,Животное Куба,К.,—,Ш Напоминает меандр
137,7,,Моллабашы,Голова муллы Чичи К. — Ш В Гяндже и Казахэ называют «чемче,медахил»,—,т. е. «медахил-половник».
137,8,,Гармахлы,Крючкообразный Куба,К.,—,"Ш Этот медахил, напоминающий меандр в греческой архитектуре, встречается в кубинских сумахах."
138,1,,Агчичекли,Белый цветок,Карабах,Кар.,
138,2,,?,,Гянджа Г.,—,К
138,3,,Доламакыйнак,Кривой коготь Баку,К.,—,Ш
138,4,,Бутаг,Ветка Кабала,К.,—,Ш
138,5,,Долама,Завиток Ширван,К.,—,"Ш В Карабахе называют «иланкач», что означает «след змеи»."
138,6,,Биларзик,Браслет Кохна Куба,К.,—,Ш
138,7,,?,,Фахралы Г.,—,К Взят из русских вышивок.
138,8,,Кетебә,Кетебә,Тебриз,Теб.,Встречается и в карабахских коврах.
138,9,,Зенджир,Цепочка Баку,К.,—,"Ш Встречается на посуде, найденной в Мингечауре."
139,1,,Сермә,Узор Шихлы,Г.,—,К Иногда это построение встречается и в «медахилах».
139,2,,Зенджире,Галуны,Тебриз,Теб.,Встречается и в коврах карабахского и ширванского типов.
139,3,,Кохнанахыш,Старый узор Гянджа и Казах,Г.,—,К В Карабахе называют «парным гребешком».
139,4,,Зенджир,Цепочка Гашед,К.,—,Ш Напоминает ювелирное украшение.
139,5,,Буталы,Бута Казах,Г.,—,К
139,6,,?,,Сыртчичи К.,—,Ш
139,7,,Гейсибишах,Абрикос с веточкой Баку,К.,—,Ш Эта «зенджире» встречается и в ширванских коврах.
140,1,,Зенджир,Цепочка,Карабах,Кар.,
140,2,,Чичекли,,Цветочный,Кар.,
140,3,,?,,Карабах,Кар.,
140,4,,Хейвагюлю,Айвовый цветок Ширван,К.,—,Ш
140,5,,Мишар,Пила Кохна Куба,К.,—,Ш
140,6,,Гейчи,Ножницы Куба,К.,—,Ш
140,7,,Хейван,Животное Кабала,К.,—,Ш
140,8,,Сермә,Узор Казах,К.,—,Ш
141,1,,Моллабашы,Голова муллы Куба,К.,—,Ш Применяется в частях бордюра «медахилях» и «джагах».
141,2,,Байрамгюлю,Праздничный цветок,Балыг,Кар.,
141,3,,Зенджире,Галуны,Тебриз,Теб.,Встречается и в иранских коврах.
141,4,,Пахлава,Миндальное пирожное ромбообразной формы Пиребедиль,К.,—,Ш
141,5,,Сермә,Узор Кохне Куба,К.,—,Ш Больше характерен для современных сумахов.
141,6,,Зенджире,Галуны,Гараджа,Теб.,
141,7,,Сюмбюльдараг,Колос гребень Биджо,К.,—,Ш Иногда встречается в коврах кубинской группы.
142,1,,?,,Казах,Г.-К,
142,2,,?,,Конахкенд,К.-Ш,
142,3,,Доламагармаг,Витой коготь,Баку,К.-Ш,
142,4,,?,,Кабала,К.-Ш,
142,5,,?,,Куба,К.-Ш,Встречается в коврах Южного Дагестана.
142,6,,Дүймели,Пуговица,Зейва,К.-Ш,Напоминает ювелирное украшение.
142,7,,Гошагармаг,Парный крючек,Кабала,К.-Ш,
143,1,,?,,Кабала,К.-Ш,"Встречается в коврах Дагестана см. табл. № 142, рис. 5."
143,2,,Хаманкоманчи,Просвирняк,Карабах,Кар.,
143,3,,?,,Мугань,Кар.,
143,4,,Сармашык,Вьюны,Карабах,Кар.,
143,5,,Гезлю,Глаз,Зейва,К.-Ш,
143,6,,Чаркези,Крест-на-крест,Конахкенд,К.-Ш,Испорченная форма слова «чарнази».
144,1,,Доламагүйрум,Завиток Ширван и,Куба,К.-Ш,
144,2,,?,,Кедабек,Г.-К,
144,3,,Сермә,Узор,Баку,К.-Ш,Встречается на мафрашах кочевников.
144,4,,?,,Карабах,Кар.,
144,5,,Тирмесаягы,Напоминающий тирьме Мараза К.-Ш,Тирьме,—,"шерстяная ткань, производимая ручным способом в Индии и Иране."
144,6,,Гозалы,ислими Кайма с коробочкой,Карабах,Кар.,Напоминает хлопковую коробочку.
145,1,,?,,Хан (Конахкенд),К.-Ш,Встречается и в бакинских коврах.
145,2,,?,,Казах,Г.-К,
145,3,,Бешик,Люлька,Чирахлы,Г.-К,
145,4,,?,,Зейва,К.-Ш,Иногда встречается в коврах «Афурджа» и «Пиребедиль».
145,5,,?,,Файтман,К.-Ш,Напоминает орнамент безворсных ковров.
145,6,,Чичек,Цветок,Казах,Г.-К,
146,1,,Гейчи,Ножницы Ширван и,Куба,К.-Ш,Называют также и «крючкообразной розой».
146,2,,Охбашы,Наконечник стрелы,Мараза,К.-Ш,
146,3,,Гюльдүйме,Пуговка-цветок Зейва и,Чичи,К.-Ш,
146,4,,?,,Хилаафшан,К.-Ш,
146,5,,Оджаг,Очаг,Гасымушагы,Кар.,Встречается также в ковре «Борчалы» казахской группы.
146,6,,?,,Кабала,К.-Ш,Встречается в фаянсовой посуде.
146,7,,Чахмаг,Курок,Самух,Г.-К,Это мотив из древне-греческого орнамента.
147,1,,?,,Ширван,К.-Ш,
147,2,,Алмаалем,Яблочная кайма,Чичи,К.-Ш,
147,3,,?,,Карабах,Кар.,Встречается в малой кайме Тебризских ковров.
147,4,,Хончагюлю,Медальонный цветок,Самух,Г.-К,Взят из узора вышивок по канве.
147,5,,Тоюгаегы,Куриные ножки,Карабах,Кар.,Называют также мятным листочком.
147,6,,Чахмаг,Курок,Баку,К.-Ш,Похож на крючок для удочки.
148,1,,Кетебә,хашийе Кайма-кетебә,Баку,К.-Ш,
148,2,,Бахли,Черешня,Чичи,К.-Ш,
148,3,,?,,Гасымушагы,Кар.,
148,4,,?,,Баку,К.-Ш,Встречается на могильных камнях из дворца Ширваншахов в Баку. Встречается также в узоре мафрашей.
148,5,,?,,Хилаафшан,К.-Ш,
149,1,,Шамданлы,Подсвечник,Карабах,Кар.,
149,2,,Шанакотан,Вилы-плуг,Салмесоюд,К.—Ш,
149,3,,Гадимхейкел,Старинная статуя,Баку,К.—Ш,Встречается и в коврах Ширвана.
149,4,,?,,Казах,Г.—К,
149,5,,Алибейли,Алибекли Конахкенд и,Пиребедиль,К.—Ш,
150,1,,Мешәл,Факел,Карабах,Кар.,"В Карабахе называют «Шамданлы» «подсвечником», см. табл. 149, рис. 1."
150,2,,Пәтә,Соты,Ширалибек,К.—Ш,Встречается и в коврах Кобыстана.
150,3,,Хорук-буруг,Кудрявые косы,Ширван,К.—Ш,Встречается в бордюре мехраба ханега в Нахичевани (XII в.).
150,4,,Хорук,Коса,Ширван-Куба,К.—Ш,"Измененная форма каймы, данной в предыдущей таблице."
150,5,,Икигушлу,Парная птица,Казах,Г.—К,"Символ любви. Встречается на посуде, найденной при раскопках Старой Гянджи (XII в.)."
151,1,,Шарлама,Баку (Хилабута) К.—Ш Испорченное слово,«шалиума»,—,имитация дорогой ткани. Бакинские ковроткачи называют эту кайму «превращающей девушку в старую деву». Встречается и в ковре «Бахшайиш» Тебриза.
151,2,,?,,Гырыз,К.—Ш,"Встречается в коврах «Конахкенд», «Джек» и «Афурджа»."
151,3,,?,,Биджо,К.—Ш,Встречается и в коврах типа Гянджа-Казах.
151,4,,Оджаг,Очаг,Джемджемли,К.—Ш,Встречается и в ковре «Пиргасанлы».
151,5,,Чакмаг,Курок,Арджиман,К.—Ш,Встречается и в коврах Карабаха.
151,6,,Махаджжар,Балконная решетка,Казах,Г.—К,
152,1,,Юйрук,Люлька,Салмесоюд,К.—Ш,
152,2,,Юйрук,Люлька,Чичи,К.—Ш,
152,3,,?,,Зейва и Чичи,К.—Ш,Встречается в архитектурном украшении.
152,4,,Гейчибалыг,Рыба-ножницы,Куба,К.—Ш,Типичен для ковров Карабаха и Гянджа-Каказа.
153,1,,?,,Казах,Г.—К,
153,2,,?,,Чуханлы,К.—Ш,Встречается в коврах кубинской группы и «Сальян». Характерен для древних муганских ковров.
153,3,,?,,Гянджа,Г.—К,Большое применение получил в коврах Малой Азии.
153,4,,?,,Куба,К.—Ш,
153,5,,?,,Ширван,К.—Ш,
153,6,,?,,,,
154,1,,Кашы,Майолика,Шилян,К.—Ш,Называют также «дочь Бешира». Узор этой каймы принимают за надпись на арабском языке.
154,2,,Кашы,"Майолика Куба К.—Ш Несмотря на то, что эта кайма встречается в коврах Ширвана и Кубы, она характерна для бакинских ковров «Хила» и «Сураханы». Искусствоведы принимают элементы этого узора за куфические буквы. Эта кайма встречается в коврах, изображенных в картине художника эпохи Ренессанса Лоренцо Лотто",(1480—1550),—,«Семья» и в восточных миниатюрах.
154,3,,?,,Шыхлы,Г.—К,Встречается в ковре «Кемерли» казахской группы.
154,4,,Шебекә,Решетка,Ширван,К.—Ш,Взят из орнамента резьбы по камню.
155,1,,?,,Кабала,К.—Ш,
155,2,,Арсалан,Мужское имя,Арсалан,К.—Ш,
155,3,,Зюльфалем,"Кайма-локон Ширван,",Куба,К.—Ш,
155,4,,?,,Сор-сор,К.—Ш,Встречается почти во всех коврах Ширванской группы. Кайма с мотивом «бута».
155,5,,Айнабенд,Стеклянная галерея,Конахкенд,К.—Ш,
156,1,,?,,Казах,Г.—К,
156,2,,?,,Шихлы,Г.—К.,
156,3,,?,,Салахлы,Г.—К.,
156,4,,?,,Казах,Г.—К.,
156,5,,Сюрмедан,Медная бутылочка для сурьмы,Демирчилер,Г.—К.,
156,6,,?,,Карачоп,Г.—К.,Встречается в коврах гянджинской группы.
157,1,,Хейван,Животное,Фахралы,Г.—К.,
157,2,,Гыйнаги,Коготь,Ханлыг,Кар.,
157,3,,?,,Фахралы,Г.—К.,
157,4,,Елкан,Парус,Герадиль,К.—Ш.,Возможно это является изображением колодезного инструмента. Бакинские ковроткачи называют его «колодезной каймой». Вернее всего это изображение ветки.
157,5,,Хончагырагы,Обводка медальона,Талыш,Кар.,
158,1,,Джаг,Джаг,Ширван,К.—Ш.,Встречается и в анатолийских коврах (Турция).
158,2,,Ылдызлы,Звездочка,Казах,Г.—К.,
158,3,,?,,Качаган,Г.—К.,Встречается в узорах ковров Гянджинской группы.
158,4,,Кетебэ,Кетебэ,Ерфи,К.—Ш.,Встречается в узоре русских вышивок.
158,5,,Нялбекигюль,Цветочек-блюдечко,Годжа,Кар.,Встречается в ковре «Нялбекигюль» («Минаханы»).
159,1,,Гыйнаг,Коготь,Сураханы,К.—Ш.,Иногда называют «головой животного».
159,2,,?,,Набур,К.—Ш.,
159,3,,Дилик,Зубчатый,Карабах,Кар.,Этот орнамент древнего происхождения.
159,4,,?,,Ширван,К.—Ш.,Встречается и в карабахских коврах.
159,5,,Моллабашы,Голова муллы,Куба,К.—Ш.,
159,6,,?,,Шихлы,Г.—К.,Встречается и в кубинских коврах.
159,7,,?,,"Кохна Куба К.—Ш. Напоминает малую кайму азербайджанского ковра, воспроизведенного в картине Ганса Гольбейна",—,"(1497—1543) «Послы», а также и в коврах Гянджи и Казаха."
159,8,,Хончагырагы,Обводка медальона,Ширван,К.—Ш.,
160,1,,Джаг,Джаг,Ханкарванд,Кар.,Взят из ковра «Кабала».
160,2,,?,,Кохна Куба,К.—Ш.,
160,3,,?,,Кохна Куба,К.—Ш.,
160,4,,Ашыг,Бабка,Лямпа,Кар.,Встречается во всех коврах удлиненной формы Карабаха.
160,5,,?,,Ханкарванд,Кар.,
161,1,,Хашийо,Кайма,Куба,К.—Ш.,В табл. 161—163 даны образцы общих построений бордюра.
161,2,,Сумахгюлю,Сумаховый цветок,Сумах,К.—Ш.,
162,1,,Хашийо,Кайма,Ширван,К.—Ш.,
163,1,,Хашийо,Кайма,Пиребедиль,К.—Ш.,
164,1,,Сумахгюлю,Сумаховый цветок,Сумах,К.—Ш.,"Примечания к элементам, данным в табл. 164—172, даны впереди. Здесь же даются цветовые соотношения элементов (см. табл. 164—196)."
164,3,,Сумахгюлю,Сумаховый цветок,Сумах,К.—Ш.,
164,4,,Сумахгюлю,Сумаховый цветок,Сумах,К.—Ш.,
164,5,,Сумахгюлю,Сумаховый цветок,Сумах,К.—Ш.,
164,6,,Сумахгюлю,Сумаховый цветок,Сумах,К.—Ш.,
164,7,,Сумахгюлю,Сумаховый цветок,Сумах,К.—Ш,
164,8,,Сумаххашийе,Сумаховая кайма,Сумах,К.—Ш,
164,9,,Сумаххашийе,Сумаховая кайма,Сумах,К.—Ш,
165,1,,Гэлинджиез,Невестушка,Сумах,К.—Ш,
165,2,,Ферэ,Молодая курица,Карабах,Кар.,
165,3,,Тоюг,Курица,Казах,Г.—К,
165,4,,Хоруз,,Петух,Кар.,
165,5,,Гуш,Птица,Биджо,К.—Ш,
165,6,,Хейванбашы,Голова животного,Карагашлы,К.—Ш,
165,7,,Хейван,Животное,Гянджа,Г.—К,
165,8,,Таус,Павлин,Карабах,Кар.,
165,9,,Хаштархан,тоюгу,Индейка,Кар.,
165,10,,Девэ,Верблюд,Пиребедиль,К.—Ш,
166,1,,Алмагюлю,Яблоневый цветок,Куба,К.—Ш,
166,2,,Чичек,Цветок,Ширван,К.—Ш,
166,3,,Алмагюлю,Яблоневый цветок,Куба,К.—Ш,
166,4,,Алма,,Яблоко,К.—Ш,
166,5,,Алма,,Яблоко,К.—Ш,
166,6,,Гогал,Пряник,Хилаафшан,К.—Ш,
166,7,,Алма,Яблоко,Куба,К.—Ш,
166,8,,Ярпаг,Лист,Хилаафшан,К.—Ш,
166,9,,Бошгаб,,Тарелка,,
167,1,,Гердекбашы,"См. прим. к рис. 3, табл.",55,Кар.,
167,2,,Гыврым,"Завиток Гянджа,",Казах,Г.—К,
167,3,,Хейван,Животное,Казах,Г.—К,
167,4,,?,,Ширван,К.—Ш,
168,1,,Алагапы,Ворота,Мараза,К.—Ш,
168,2,,?,,Гымыл,К.—Ш,
168,3,,Шебекенашыш,Узор шебекэ,Ширван,К.—Ш,
168,4,,Эвелик,Щавель,Карабах,Кар.,
169,1,,Тугбашы,Голова,туга,Кар.,
169,2,,Пенджерэ,,Окно,К.—Ш,
169,3,,Пенджерэ,,Окно,К.—Ш,
169,4,,?,,Мараза,К.—Ш,
169,5,,Бораны,,Растение,Кар.,
169,6,,Занбаг,Касатик,Хилаафшан,К.—Ш,
170,1,,Гейчи,Ножницы,Пиребедиль,К.—Ш,
170,2,,Минаребашы,Купол,минарета,Кар.,
170,3,,Тай,Стог,Пиребедиль,К.—Ш,
170,4,,Чичек,Цветок,Ширван,К.—Ш,
170,5,,?,,Годжа,Кар.,
170,6,,?,,Арджиман,К.—Ш,
171,1,,Камандар,Хранитель лука и стрел,Арсалан,К.—Ш,
171,2,,?,,Баку,К.—Ш,
171,3,,Кетебэ,Удлиненный медальон,Фахралы,Г.—К,
171,4,,Кетебэ,Удлиненный медальон,Фындыган,К.—Ш,
172,1,,Готазлы,пута Бута с кисточкой,Карабах,Кар.,
172,2,,Бута,Бута,Ширван,К.—Ш,
172,3,,Джыггабута,Бута-джыгга,Хила,К.—Ш,
172,4,,Джыггабута,Бута-джыгга,Хила,К.—Ш,
172,5,,Джыггабута,Бута-джыгга,Хила,К.—Ш,
173,,,Гёль,Медальон,Хила,К.—Ш,"Подразумевается, что это свадебное приношение в виде накрытого подноса."
174,,,Гёль,Медальон,Фындыган,К.—Ш,То же самое.
175,,,Гель,Медальон,Биджо,К.—Ш,
176,,,Хонча,Медальон Кохна,Куба,К.—Ш,Встречается в старинных коврах Ширвана и туркменских коврах «пенди».
177,,,Хонча,Медальон Гадим,Гянджа,Г.—К,
178,,,Башлыг,Заставка,Гянджа,Г.—К,
179,,,Хейкалбашы,Голова статуи Шейх,Сефи,Теб.,Встречается в ардебильских коврах XVI в.
180,,,Пута,Бута,Хила,К.—Ш,Фрагмент среднего поля ковра «Хила-бута».
181,,,Мараза,Мараза,Мараза,К.—Ш,
182,,,Шамданы,Подсвечник,Салмесоюд,К.—Ш,
183,,,Бурма,Рога,Пиребедиль,К.—Ш,
184,,,Голлу,Руки,Голлу-чичи,К.—Ш,Искусствоведы этот ковер называют также «Зейхуром».
185,,,Хырдагюль,Цветок,Хырдагюльчичи,К.—Ш,Этот элемент дан автором в усовершенствованном виде.
186,,,?,,Казах,Г.—К,Иногда называют «Гянджа».
187,,,Няльбеки,Блюдечко,Няльбекигюль,Кар.,Иногда ковер «няльбекигюль» называют «Минаханы».
188,,,Балыг,Рыба,Балыг,Кар.,Этот ковер называют также «Гераты» и «Фарахан».
189,,,Афшан,Разбросанный Афшан,Тебриз,Теб.,
190,1,,Кетебэ,Кетебэ,Тебриз,Теб.,
190,2,,Моллабашы,Голова муллы,Чичи,К.—Ш,
190,3,,Охбашы,Наконечник стрелы,Мараза,К.—Ш,
190,4,,?,,Казах,Г.—К,
190,5,,Дилик,Зубчатый,Карабах,Кар.,
190,6,,?,,Зейва,К.—Ш,
190,7,,Гейчибалыг,,Рыба-ножницы,К.—Ш,
190,8,,Гезлу,,Глаз,К.—Ш,
190,9,,Сюмбюлдараг,Гребень-колос,Биджо,К.—Ш,
191,1,,Алмахашийе,Яблоневая кайма,Гырыз,К.—Ш,
191,2,,?,,Сиртчичи,К.—Ш,
191,3,,Алмаалем,Яблоневая кайма,Чичи,К.—Ш,
191,4,,Шарлама,"Шарлама см. примеч. к рис. 1, табл. 151",Баку,К.—Ш,
191,5,,Байрам,гюлю Праздничный цветок,Балыг,Кар.,
191,6,,Кашы,Майолика,Куба,К.—Ш,
191,7,,Гейсибишах,Абрикос с веточкой,Баку,К.—Ш,
191,8,,Бурмахоруг,Кудрявые косы,Ширван,К.—Ш,
192,1,,Зивар,Украшение,Баку,К.—Ш,
193,1,,Хашийе,Кайма,Мараза,К.—Ш,
194,1,,Хашийе,Кайма,Ширван,К.—Ш,
195,1,,Хашийе,Кайма,Салахлы,Г.—К,
196,1,,Няльбекиелян,Блюдечко,Няльбекигюль,Кар.,
